file,line,type,commit,author,date,time,timezone,datetime,depth,length
style.css,1,css,a20aab9c,Gabrielle Despaigne,2025-10-02,14:33:42,-07:00,2025-10-02T14:33:42-07:00,0,4
style.css,2,css,a80e9a2b,Gabrielle Despaigne,2025-10-11,00:26:47,-07:00,2025-10-11T00:26:47-07:00,1,19
style.css,3,css,a80e9a2b,Gabrielle Despaigne,2025-10-11,00:26:47,-07:00,2025-10-11T00:26:47-07:00,1,15
style.css,4,css,a80e9a2b,Gabrielle Despaigne,2025-10-11,00:26:47,-07:00,2025-10-11T00:26:47-07:00,1,42
style.css,5,css,a80e9a2b,Gabrielle Despaigne,2025-10-11,00:26:47,-07:00,2025-10-11T00:26:47-07:00,1,16
style.css,6,css,a80e9a2b,Gabrielle Despaigne,2025-10-11,00:26:47,-07:00,2025-10-11T00:26:47-07:00,1,18
style.css,7,css,a80e9a2b,Gabrielle Despaigne,2025-10-11,00:26:47,-07:00,2025-10-11T00:26:47-07:00,1,11
style.css,8,css,a80e9a2b,Gabrielle Despaigne,2025-10-11,00:26:47,-07:00,2025-10-11T00:26:47-07:00,0,0
style.css,9,css,35d56e98,Gabrielle Despaigne,2025-10-10,23:31:50,-07:00,2025-10-10T23:31:50-07:00,0,0
style.css,10,css,a80e9a2b,Gabrielle Despaigne,2025-10-11,00:26:47,-07:00,2025-10-11T00:26:47-07:00,0,14
style.css,11,css,948da106,Gabrielle Despaigne,2025-10-15,21:06:55,-07:00,2025-10-15T21:06:55-07:00,0,0
style.css,12,css,948da106,Gabrielle Despaigne,2025-10-15,21:06:55,-07:00,2025-10-15T21:06:55-07:00,0,5
style.css,13,css,948da106,Gabrielle Despaigne,2025-10-15,21:06:55,-07:00,2025-10-15T21:06:55-07:00,1,46
style.css,14,css,948da106,Gabrielle Despaigne,2025-10-15,21:06:55,-07:00,2025-10-15T21:06:55-07:00,1,23
style.css,15,css,948da106,Gabrielle Despaigne,2025-10-15,21:06:55,-07:00,2025-10-15T21:06:55-07:00,1,28
style.css,16,css,948da106,Gabrielle Despaigne,2025-10-15,21:06:55,-07:00,2025-10-15T21:06:55-07:00,1,35
style.css,17,css,948da106,Gabrielle Despaigne,2025-10-15,21:06:55,-07:00,2025-10-15T21:06:55-07:00,1,64
style.css,18,css,948da106,Gabrielle Despaigne,2025-10-15,21:06:55,-07:00,2025-10-15T21:06:55-07:00,0,0
style.css,19,css,948da106,Gabrielle Despaigne,2025-10-15,21:06:55,-07:00,2025-10-15T21:06:55-07:00,0,0
style.css,20,css,948da106,Gabrielle Despaigne,2025-10-15,21:06:55,-07:00,2025-10-15T21:06:55-07:00,0,35
style.css,21,css,948da106,Gabrielle Despaigne,2025-10-15,21:06:55,-07:00,2025-10-15T21:06:55-07:00,1,5
style.css,22,css,948da106,Gabrielle Despaigne,2025-10-15,21:06:55,-07:00,2025-10-15T21:06:55-07:00,2,65
style.css,23,css,948da106,Gabrielle Despaigne,2025-10-15,21:06:55,-07:00,2025-10-15T21:06:55-07:00,2,72
style.css,24,css,948da106,Gabrielle Despaigne,2025-10-15,21:06:55,-07:00,2025-10-15T21:06:55-07:00,2,64
style.css,25,css,948da106,Gabrielle Despaigne,2025-10-15,21:06:55,-07:00,2025-10-15T21:06:55-07:00,1,0
style.css,26,css,948da106,Gabrielle Despaigne,2025-10-15,21:06:55,-07:00,2025-10-15T21:06:55-07:00,0,0
style.css,27,css,948da106,Gabrielle Despaigne,2025-10-15,21:06:55,-07:00,2025-10-15T21:06:55-07:00,0,0
style.css,28,css,a80e9a2b,Gabrielle Despaigne,2025-10-11,00:26:47,-07:00,2025-10-11T00:26:47-07:00,0,5
style.css,29,css,a80e9a2b,Gabrielle Despaigne,2025-10-11,00:26:47,-07:00,2025-10-11T00:26:47-07:00,0,6
style.css,30,css,a80e9a2b,Gabrielle Despaigne,2025-10-11,00:26:47,-07:00,2025-10-11T00:26:47-07:00,1,16
style.css,31,css,a80e9a2b,Gabrielle Despaigne,2025-10-11,00:26:47,-07:00,2025-10-11T00:26:47-07:00,0,0
style.css,32,css,a80e9a2b,Gabrielle Despaigne,2025-10-11,00:26:47,-07:00,2025-10-11T00:26:47-07:00,0,3
style.css,33,css,a80e9a2b,Gabrielle Despaigne,2025-10-11,00:26:47,-07:00,2025-10-11T00:26:47-07:00,1,12
style.css,34,css,a80e9a2b,Gabrielle Despaigne,2025-10-11,00:26:47,-07:00,2025-10-11T00:26:47-07:00,1,17
style.css,35,css,a80e9a2b,Gabrielle Despaigne,2025-10-11,00:26:47,-07:00,2025-10-11T00:26:47-07:00,0,0
style.css,36,css,a80e9a2b,Gabrielle Despaigne,2025-10-11,00:26:47,-07:00,2025-10-11T00:26:47-07:00,0,5
style.css,37,css,a80e9a2b,Gabrielle Despaigne,2025-10-11,00:26:47,-07:00,2025-10-11T00:26:47-07:00,1,6
style.css,38,css,a80e9a2b,Gabrielle Despaigne,2025-10-11,00:26:47,-07:00,2025-10-11T00:26:47-07:00,1,20
style.css,39,css,948da106,Gabrielle Despaigne,2025-10-15,21:06:55,-07:00,2025-10-15T21:06:55-07:00,1,13
style.css,40,css,a80e9a2b,Gabrielle Despaigne,2025-10-11,00:26:47,-07:00,2025-10-11T00:26:47-07:00,1,17
style.css,41,css,a80e9a2b,Gabrielle Despaigne,2025-10-11,00:26:47,-07:00,2025-10-11T00:26:47-07:00,1,13
style.css,42,css,d33406bc,Gabrielle Despaigne,2025-10-15,20:59:28,-07:00,2025-10-15T20:59:28-07:00,1,44
style.css,43,css,a80e9a2b,Gabrielle Despaigne,2025-10-11,00:26:47,-07:00,2025-10-11T00:26:47-07:00,0,0
style.css,44,css,a80e9a2b,Gabrielle Despaigne,2025-10-11,00:26:47,-07:00,2025-10-11T00:26:47-07:00,0,13
style.css,45,css,d33406bc,Gabrielle Despaigne,2025-10-15,20:59:28,-07:00,2025-10-15T20:59:28-07:00,1,53
style.css,46,css,a80e9a2b,Gabrielle Despaigne,2025-10-11,00:26:47,-07:00,2025-10-11T00:26:47-07:00,1,20
style.css,47,css,2acdb61a,Gabrielle Despaigne,2025-10-15,19:20:57,-07:00,2025-10-15T19:20:57-07:00,1,14
style.css,48,css,a80e9a2b,Gabrielle Despaigne,2025-10-11,00:26:47,-07:00,2025-10-11T00:26:47-07:00,0,0
style.css,49,css,d33406bc,Gabrielle Despaigne,2025-10-15,20:59:28,-07:00,2025-10-15T20:59:28-07:00,0,10
style.css,50,css,d33406bc,Gabrielle Despaigne,2025-10-15,20:59:28,-07:00,2025-10-15T20:59:28-07:00,0,19
style.css,51,css,d33406bc,Gabrielle Despaigne,2025-10-15,20:59:28,-07:00,2025-10-15T20:59:28-07:00,1,47
style.css,52,css,948da106,Gabrielle Despaigne,2025-10-15,21:06:55,-07:00,2025-10-15T21:06:55-07:00,1,36
style.css,53,css,d33406bc,Gabrielle Despaigne,2025-10-15,20:59:28,-07:00,2025-10-15T20:59:28-07:00,1,12
style.css,54,css,a80e9a2b,Gabrielle Despaigne,2025-10-11,00:26:47,-07:00,2025-10-11T00:26:47-07:00,0,0
style.css,55,css,3b37dd3d,Gabrielle Despaigne,2025-10-10,23:47:28,-07:00,2025-10-10T23:47:28-07:00,0,0
style.css,56,css,a80e9a2b,Gabrielle Despaigne,2025-10-11,00:26:47,-07:00,2025-10-11T00:26:47-07:00,0,4
style.css,57,css,a80e9a2b,Gabrielle Despaigne,2025-10-11,00:26:47,-07:00,2025-10-11T00:26:47-07:00,1,32
style.css,58,css,a80e9a2b,Gabrielle Despaigne,2025-10-11,00:26:47,-07:00,2025-10-11T00:26:47-07:00,1,32
style.css,59,css,a80e9a2b,Gabrielle Despaigne,2025-10-11,00:26:47,-07:00,2025-10-11T00:26:47-07:00,0,0
style.css,60,css,3b37dd3d,Gabrielle Despaigne,2025-10-10,23:47:28,-07:00,2025-10-10T23:47:28-07:00,0,0
style.css,61,css,a80e9a2b,Gabrielle Despaigne,2025-10-11,00:26:47,-07:00,2025-10-11T00:26:47-07:00,0,31
style.css,62,css,a80e9a2b,Gabrielle Despaigne,2025-10-11,00:26:47,-07:00,2025-10-11T00:26:47-07:00,1,10
style.css,63,css,a80e9a2b,Gabrielle Despaigne,2025-10-11,00:26:47,-07:00,2025-10-11T00:26:47-07:00,0,0
style.css,64,css,a80e9a2b,Gabrielle Despaigne,2025-10-11,00:26:47,-07:00,2025-10-11T00:26:47-07:00,0,9
style.css,65,css,a80e9a2b,Gabrielle Despaigne,2025-10-11,00:26:47,-07:00,2025-10-11T00:26:47-07:00,0,9
style.css,66,css,a80e9a2b,Gabrielle Despaigne,2025-10-11,00:26:47,-07:00,2025-10-11T00:26:47-07:00,0,12
style.css,67,css,a80e9a2b,Gabrielle Despaigne,2025-10-11,00:26:47,-07:00,2025-10-11T00:26:47-07:00,0,11
style.css,68,css,a80e9a2b,Gabrielle Despaigne,2025-10-11,00:26:47,-07:00,2025-10-11T00:26:47-07:00,1,13
style.css,69,css,a80e9a2b,Gabrielle Despaigne,2025-10-11,00:26:47,-07:00,2025-10-11T00:26:47-07:00,0,0
style.css,70,css,a80e9a2b,Gabrielle Despaigne,2025-10-11,00:26:47,-07:00,2025-10-11T00:26:47-07:00,0,9
style.css,71,css,a80e9a2b,Gabrielle Despaigne,2025-10-11,00:26:47,-07:00,2025-10-11T00:26:47-07:00,0,12
style.css,72,css,a80e9a2b,Gabrielle Despaigne,2025-10-11,00:26:47,-07:00,2025-10-11T00:26:47-07:00,0,11
style.css,73,css,a80e9a2b,Gabrielle Despaigne,2025-10-11,00:26:47,-07:00,2025-10-11T00:26:47-07:00,1,10
style.css,74,css,a80e9a2b,Gabrielle Despaigne,2025-10-11,00:26:47,-07:00,2025-10-11T00:26:47-07:00,1,21
style.css,75,css,a80e9a2b,Gabrielle Despaigne,2025-10-11,00:26:47,-07:00,2025-10-11T00:26:47-07:00,0,0
style.css,76,css,a80e9a2b,Gabrielle Despaigne,2025-10-11,00:26:47,-07:00,2025-10-11T00:26:47-07:00,0,10
style.css,77,css,a80e9a2b,Gabrielle Despaigne,2025-10-11,00:26:47,-07:00,2025-10-11T00:26:47-07:00,1,18
style.css,78,css,a80e9a2b,Gabrielle Despaigne,2025-10-11,00:26:47,-07:00,2025-10-11T00:26:47-07:00,0,0
style.css,79,css,a80e9a2b,Gabrielle Despaigne,2025-10-11,00:26:47,-07:00,2025-10-11T00:26:47-07:00,0,4
style.css,80,css,a80e9a2b,Gabrielle Despaigne,2025-10-11,00:26:47,-07:00,2025-10-11T00:26:47-07:00,1,12
style.css,81,css,a80e9a2b,Gabrielle Despaigne,2025-10-11,00:26:47,-07:00,2025-10-11T00:26:47-07:00,1,30
style.css,82,css,a80e9a2b,Gabrielle Despaigne,2025-10-11,00:26:47,-07:00,2025-10-11T00:26:47-07:00,1,7
style.css,83,css,a80e9a2b,Gabrielle Despaigne,2025-10-11,00:26:47,-07:00,2025-10-11T00:26:47-07:00,0,0
style.css,84,css,a80e9a2b,Gabrielle Despaigne,2025-10-11,00:26:47,-07:00,2025-10-11T00:26:47-07:00,0,11
style.css,85,css,a80e9a2b,Gabrielle Despaigne,2025-10-11,00:26:47,-07:00,2025-10-11T00:26:47-07:00,1,18
style.css,86,css,a80e9a2b,Gabrielle Despaigne,2025-10-11,00:26:47,-07:00,2025-10-11T00:26:47-07:00,0,0
style.css,87,css,a80e9a2b,Gabrielle Despaigne,2025-10-11,00:26:47,-07:00,2025-10-11T00:26:47-07:00,0,13
style.css,88,css,a80e9a2b,Gabrielle Despaigne,2025-10-11,00:26:47,-07:00,2025-10-11T00:26:47-07:00,1,12
style.css,89,css,a80e9a2b,Gabrielle Despaigne,2025-10-11,00:26:47,-07:00,2025-10-11T00:26:47-07:00,1,30
style.css,90,css,a80e9a2b,Gabrielle Despaigne,2025-10-11,00:26:47,-07:00,2025-10-11T00:26:47-07:00,1,7
style.css,91,css,a80e9a2b,Gabrielle Despaigne,2025-10-11,00:26:47,-07:00,2025-10-11T00:26:47-07:00,0,0
style.css,92,css,a80e9a2b,Gabrielle Despaigne,2025-10-11,00:26:47,-07:00,2025-10-11T00:26:47-07:00,0,20
style.css,93,css,a80e9a2b,Gabrielle Despaigne,2025-10-11,00:26:47,-07:00,2025-10-11T00:26:47-07:00,1,12
style.css,94,css,a80e9a2b,Gabrielle Despaigne,2025-10-11,00:26:47,-07:00,2025-10-11T00:26:47-07:00,1,29
style.css,95,css,a80e9a2b,Gabrielle Despaigne,2025-10-11,00:26:47,-07:00,2025-10-11T00:26:47-07:00,1,18
style.css,96,css,a80e9a2b,Gabrielle Despaigne,2025-10-11,00:26:47,-07:00,2025-10-11T00:26:47-07:00,0,0
style.css,97,css,a80e9a2b,Gabrielle Despaigne,2025-10-11,00:26:47,-07:00,2025-10-11T00:26:47-07:00,0,37
style.css,98,css,a80e9a2b,Gabrielle Despaigne,2025-10-11,00:26:47,-07:00,2025-10-11T00:26:47-07:00,0,18
style.css,99,css,a80e9a2b,Gabrielle Despaigne,2025-10-11,00:26:47,-07:00,2025-10-11T00:26:47-07:00,0,40
style.css,100,css,a80e9a2b,Gabrielle Despaigne,2025-10-11,00:26:47,-07:00,2025-10-11T00:26:47-07:00,0,43
style.css,101,css,3b37dd3d,Gabrielle Despaigne,2025-10-10,23:47:28,-07:00,2025-10-10T23:47:28-07:00,0,0
style.css,102,css,a80e9a2b,Gabrielle Despaigne,2025-10-11,00:26:47,-07:00,2025-10-11T00:26:47-07:00,0,9
style.css,103,css,a80e9a2b,Gabrielle Despaigne,2025-10-11,00:26:47,-07:00,2025-10-11T00:26:47-07:00,1,12
style.css,104,css,a80e9a2b,Gabrielle Despaigne,2025-10-11,00:26:47,-07:00,2025-10-11T00:26:47-07:00,1,58
style.css,105,css,a80e9a2b,Gabrielle Despaigne,2025-10-11,00:26:47,-07:00,2025-10-11T00:26:47-07:00,1,7
style.css,106,css,a80e9a2b,Gabrielle Despaigne,2025-10-11,00:26:47,-07:00,2025-10-11T00:26:47-07:00,1,17
style.css,107,css,a80e9a2b,Gabrielle Despaigne,2025-10-11,00:26:47,-07:00,2025-10-11T00:26:47-07:00,0,0
style.css,108,css,a80e9a2b,Gabrielle Despaigne,2025-10-11,00:26:47,-07:00,2025-10-11T00:26:47-07:00,0,13
style.css,109,css,a80e9a2b,Gabrielle Despaigne,2025-10-11,00:26:47,-07:00,2025-10-11T00:26:47-07:00,1,10
style.css,110,css,a80e9a2b,Gabrielle Despaigne,2025-10-11,00:26:47,-07:00,2025-10-11T00:26:47-07:00,1,11
style.css,111,css,a80e9a2b,Gabrielle Despaigne,2025-10-11,00:26:47,-07:00,2025-10-11T00:26:47-07:00,1,13
style.css,112,css,a80e9a2b,Gabrielle Despaigne,2025-10-11,00:26:47,-07:00,2025-10-11T00:26:47-07:00,0,0
style.css,113,css,a80e9a2b,Gabrielle Despaigne,2025-10-11,00:26:47,-07:00,2025-10-11T00:26:47-07:00,0,19
style.css,114,css,a80e9a2b,Gabrielle Despaigne,2025-10-11,00:26:47,-07:00,2025-10-11T00:26:47-07:00,1,15
style.css,115,css,a80e9a2b,Gabrielle Despaigne,2025-10-11,00:26:47,-07:00,2025-10-11T00:26:47-07:00,1,12
style.css,116,css,a80e9a2b,Gabrielle Despaigne,2025-10-11,00:26:47,-07:00,2025-10-11T00:26:47-07:00,1,26
style.css,117,css,a80e9a2b,Gabrielle Despaigne,2025-10-11,00:26:47,-07:00,2025-10-11T00:26:47-07:00,0,0
style.css,118,css,a80e9a2b,Gabrielle Despaigne,2025-10-11,00:26:47,-07:00,2025-10-11T00:26:47-07:00,0,25
style.css,119,css,a80e9a2b,Gabrielle Despaigne,2025-10-11,00:26:47,-07:00,2025-10-11T00:26:47-07:00,0,0
style.css,120,css,a80e9a2b,Gabrielle Despaigne,2025-10-11,00:26:47,-07:00,2025-10-11T00:26:47-07:00,0,2
style.css,121,css,a80e9a2b,Gabrielle Despaigne,2025-10-11,00:26:47,-07:00,2025-10-11T00:26:47-07:00,1,10
style.css,122,css,a80e9a2b,Gabrielle Despaigne,2025-10-11,00:26:47,-07:00,2025-10-11T00:26:47-07:00,1,13
style.css,123,css,a80e9a2b,Gabrielle Despaigne,2025-10-11,00:26:47,-07:00,2025-10-11T00:26:47-07:00,1,14
style.css,124,css,a80e9a2b,Gabrielle Despaigne,2025-10-11,00:26:47,-07:00,2025-10-11T00:26:47-07:00,1,15
style.css,125,css,a80e9a2b,Gabrielle Despaigne,2025-10-11,00:26:47,-07:00,2025-10-11T00:26:47-07:00,1,17
style.css,126,css,a80e9a2b,Gabrielle Despaigne,2025-10-11,00:26:47,-07:00,2025-10-11T00:26:47-07:00,0,0
style.css,127,css,a80e9a2b,Gabrielle Despaigne,2025-10-11,00:26:47,-07:00,2025-10-11T00:26:47-07:00,0,2
style.css,128,css,a80e9a2b,Gabrielle Despaigne,2025-10-11,00:26:47,-07:00,2025-10-11T00:26:47-07:00,1,10
style.css,129,css,a80e9a2b,Gabrielle Despaigne,2025-10-11,00:26:47,-07:00,2025-10-11T00:26:47-07:00,1,15
style.css,130,css,a80e9a2b,Gabrielle Despaigne,2025-10-11,00:26:47,-07:00,2025-10-11T00:26:47-07:00,1,17
style.css,131,css,a80e9a2b,Gabrielle Despaigne,2025-10-11,00:26:47,-07:00,2025-10-11T00:26:47-07:00,0,0
style.css,132,css,d914afc6,Gabrielle Despaigne,2025-10-10,23:59:11,-07:00,2025-10-10T23:59:11-07:00,0,0
style.css,133,css,d914afc6,Gabrielle Despaigne,2025-10-10,23:59:11,-07:00,2025-10-10T23:59:11-07:00,0,0
style.css,134,css,a80e9a2b,Gabrielle Despaigne,2025-10-11,00:26:47,-07:00,2025-10-11T00:26:47-07:00,0,17
style.css,135,css,19ab58e7,Gabrielle Despaigne,2025-10-11,00:03:52,-07:00,2025-10-11T00:03:52-07:00,0,7
style.css,136,css,b40399e8,Gabrielle Despaigne,2025-10-11,00:42:46,-07:00,2025-10-11T00:42:46-07:00,1,17
style.css,137,css,a80e9a2b,Gabrielle Despaigne,2025-10-11,00:26:47,-07:00,2025-10-11T00:26:47-07:00,1,18
style.css,138,css,b40399e8,Gabrielle Despaigne,2025-10-11,00:42:46,-07:00,2025-10-11T00:42:46-07:00,1,14
style.css,139,css,19ab58e7,Gabrielle Despaigne,2025-10-11,00:03:52,-07:00,2025-10-11T00:03:52-07:00,1,18
style.css,140,css,19ab58e7,Gabrielle Despaigne,2025-10-11,00:03:52,-07:00,2025-10-11T00:03:52-07:00,0,0
style.css,141,css,b40399e8,Gabrielle Despaigne,2025-10-11,00:42:46,-07:00,2025-10-11T00:42:46-07:00,0,18
style.css,142,css,b40399e8,Gabrielle Despaigne,2025-10-11,00:42:46,-07:00,2025-10-11T00:42:46-07:00,1,20
style.css,143,css,e2dadb39,Gabrielle Despaigne,2025-10-15,21:11:38,-07:00,2025-10-15T21:11:38-07:00,1,22
style.css,144,css,b40399e8,Gabrielle Despaigne,2025-10-11,00:42:46,-07:00,2025-10-11T00:42:46-07:00,1,10
style.css,145,css,b40399e8,Gabrielle Despaigne,2025-10-11,00:42:46,-07:00,2025-10-11T00:42:46-07:00,1,13
style.css,146,css,19ab58e7,Gabrielle Despaigne,2025-10-11,00:03:52,-07:00,2025-10-11T00:03:52-07:00,0,0
style.css,147,css,19ab58e7,Gabrielle Despaigne,2025-10-11,00:03:52,-07:00,2025-10-11T00:03:52-07:00,0,13
style.css,148,css,19ab58e7,Gabrielle Despaigne,2025-10-11,00:03:52,-07:00,2025-10-11T00:03:52-07:00,1,11
style.css,149,css,d33406bc,Gabrielle Despaigne,2025-10-15,20:59:28,-07:00,2025-10-15T20:59:28-07:00,1,16
style.css,150,css,a80e9a2b,Gabrielle Despaigne,2025-10-11,00:26:47,-07:00,2025-10-11T00:26:47-07:00,0,0
style.css,151,css,d914afc6,Gabrielle Despaigne,2025-10-10,23:59:11,-07:00,2025-10-10T23:59:11-07:00,0,13
style.css,152,css,d914afc6,Gabrielle Despaigne,2025-10-10,23:59:11,-07:00,2025-10-10T23:59:11-07:00,1,12
style.css,153,css,b40399e8,Gabrielle Despaigne,2025-10-11,00:42:46,-07:00,2025-10-11T00:42:46-07:00,1,31
style.css,154,css,a80e9a2b,Gabrielle Despaigne,2025-10-11,00:26:47,-07:00,2025-10-11T00:26:47-07:00,1,12
style.css,155,css,a80e9a2b,Gabrielle Despaigne,2025-10-11,00:26:47,-07:00,2025-10-11T00:26:47-07:00,1,15
style.css,156,css,b40399e8,Gabrielle Despaigne,2025-10-11,00:42:46,-07:00,2025-10-11T00:42:46-07:00,1,17
style.css,157,css,a80e9a2b,Gabrielle Despaigne,2025-10-11,00:26:47,-07:00,2025-10-11T00:26:47-07:00,0,0
style.css,158,css,a80e9a2b,Gabrielle Despaigne,2025-10-11,00:26:47,-07:00,2025-10-11T00:26:47-07:00,0,18
style.css,159,css,ca9a6cd5,Gabrielle Despaigne,2025-10-15,21:16:04,-07:00,2025-10-15T21:16:04-07:00,0,17
style.css,160,css,ca9a6cd5,Gabrielle Despaigne,2025-10-15,21:16:04,-07:00,2025-10-15T21:16:04-07:00,0,16
style.css,161,css,a80e9a2b,Gabrielle Despaigne,2025-10-11,00:26:47,-07:00,2025-10-11T00:26:47-07:00,1,14
style.css,162,css,a80e9a2b,Gabrielle Despaigne,2025-10-11,00:26:47,-07:00,2025-10-11T00:26:47-07:00,1,20
style.css,163,css,a80e9a2b,Gabrielle Despaigne,2025-10-11,00:26:47,-07:00,2025-10-11T00:26:47-07:00,0,0
style.css,164,css,a80e9a2b,Gabrielle Despaigne,2025-10-11,00:26:47,-07:00,2025-10-11T00:26:47-07:00,0,18
style.css,165,css,a80e9a2b,Gabrielle Despaigne,2025-10-11,00:26:47,-07:00,2025-10-11T00:26:47-07:00,0,16
style.css,166,css,a80e9a2b,Gabrielle Despaigne,2025-10-11,00:26:47,-07:00,2025-10-11T00:26:47-07:00,1,25
style.css,167,css,a80e9a2b,Gabrielle Despaigne,2025-10-11,00:26:47,-07:00,2025-10-11T00:26:47-07:00,1,20
style.css,168,css,a80e9a2b,Gabrielle Despaigne,2025-10-11,00:26:47,-07:00,2025-10-11T00:26:47-07:00,1,27
style.css,169,css,d914afc6,Gabrielle Despaigne,2025-10-10,23:59:11,-07:00,2025-10-10T23:59:11-07:00,0,0
style.css,170,css,f40fa5b9,Gabrielle Despaigne,2025-10-11,00:32:34,-07:00,2025-10-11T00:32:34-07:00,0,25
style.css,171,css,4c5ee35d,Gabrielle Despaigne,2025-10-11,00:12:06,-07:00,2025-10-11T00:12:06-07:00,1,13
style.css,172,css,a80e9a2b,Gabrielle Despaigne,2025-10-11,00:26:47,-07:00,2025-10-11T00:26:47-07:00,2,25
style.css,173,css,a80e9a2b,Gabrielle Despaigne,2025-10-11,00:26:47,-07:00,2025-10-11T00:26:47-07:00,2,14
style.css,174,css,a80e9a2b,Gabrielle Despaigne,2025-10-11,00:26:47,-07:00,2025-10-11T00:26:47-07:00,1,0
style.css,175,css,a80e9a2b,Gabrielle Despaigne,2025-10-11,00:26:47,-07:00,2025-10-11T00:26:47-07:00,1,7
style.css,176,css,a80e9a2b,Gabrielle Despaigne,2025-10-11,00:26:47,-07:00,2025-10-11T00:26:47-07:00,2,17
style.css,177,css,a80e9a2b,Gabrielle Despaigne,2025-10-11,00:26:47,-07:00,2025-10-11T00:26:47-07:00,2,18
style.css,178,css,a80e9a2b,Gabrielle Despaigne,2025-10-11,00:26:47,-07:00,2025-10-11T00:26:47-07:00,1,0
style.css,179,css,d914afc6,Gabrielle Despaigne,2025-10-10,23:59:11,-07:00,2025-10-10T23:59:11-07:00,0,0
style.css,180,css,19ab58e7,Gabrielle Despaigne,2025-10-11,00:03:52,-07:00,2025-10-11T00:03:52-07:00,0,4
style.css,181,css,670c0488,Gabrielle Despaigne,2025-10-15,21:29:59,-07:00,2025-10-15T21:29:59-07:00,1,15
style.css,182,css,7a98ee3f,Gabrielle Despaigne,2025-10-15,21:24:43,-07:00,2025-10-15T21:24:43-07:00,1,20
style.css,183,css,19ab58e7,Gabrielle Despaigne,2025-10-11,00:03:52,-07:00,2025-10-11T00:03:52-07:00,1,41
style.css,184,css,19ab58e7,Gabrielle Despaigne,2025-10-11,00:03:52,-07:00,2025-10-11T00:03:52-07:00,0,0
style.css,185,css,b40399e8,Gabrielle Despaigne,2025-10-11,00:42:46,-07:00,2025-10-11T00:42:46-07:00,0,17
style.css,186,css,b40399e8,Gabrielle Despaigne,2025-10-11,00:42:46,-07:00,2025-10-11T00:42:46-07:00,1,18
style.css,187,css,b40399e8,Gabrielle Despaigne,2025-10-11,00:42:46,-07:00,2025-10-11T00:42:46-07:00,0,0
style.css,188,css,19ab58e7,Gabrielle Despaigne,2025-10-11,00:03:52,-07:00,2025-10-11T00:03:52-07:00,0,10
style.css,189,css,b40399e8,Gabrielle Despaigne,2025-10-11,00:42:46,-07:00,2025-10-11T00:42:46-07:00,1,12
style.css,190,css,b40399e8,Gabrielle Despaigne,2025-10-11,00:42:46,-07:00,2025-10-11T00:42:46-07:00,1,14
style.css,191,css,b40399e8,Gabrielle Despaigne,2025-10-11,00:42:46,-07:00,2025-10-11T00:42:46-07:00,1,29
style.css,192,css,a80e9a2b,Gabrielle Despaigne,2025-10-11,00:26:47,-07:00,2025-10-11T00:26:47-07:00,1,30
style.css,193,css,a80e9a2b,Gabrielle Despaigne,2025-10-11,00:26:47,-07:00,2025-10-11T00:26:47-07:00,1,20
style.css,194,css,b40399e8,Gabrielle Despaigne,2025-10-11,00:42:46,-07:00,2025-10-11T00:42:46-07:00,1,11
style.css,195,css,b40399e8,Gabrielle Despaigne,2025-10-11,00:42:46,-07:00,2025-10-11T00:42:46-07:00,1,10
style.css,196,css,d914afc6,Gabrielle Despaigne,2025-10-10,23:59:11,-07:00,2025-10-10T23:59:11-07:00,0,0
style.css,197,css,b40399e8,Gabrielle Despaigne,2025-10-11,00:42:46,-07:00,2025-10-11T00:42:46-07:00,0,10
style.css,198,css,b40399e8,Gabrielle Despaigne,2025-10-11,00:42:46,-07:00,2025-10-11T00:42:46-07:00,1,8
style.css,199,css,b40399e8,Gabrielle Despaigne,2025-10-11,00:42:46,-07:00,2025-10-11T00:42:46-07:00,1,10
style.css,200,css,b40399e8,Gabrielle Despaigne,2025-10-11,00:42:46,-07:00,2025-10-11T00:42:46-07:00,0,0
style.css,201,css,b40399e8,Gabrielle Despaigne,2025-10-11,00:42:46,-07:00,2025-10-11T00:42:46-07:00,0,0
style.css,202,css,19ab58e7,Gabrielle Despaigne,2025-10-11,00:03:52,-07:00,2025-10-11T00:03:52-07:00,0,10
style.css,203,css,a80e9a2b,Gabrielle Despaigne,2025-10-11,00:26:47,-07:00,2025-10-11T00:26:47-07:00,1,12
style.css,204,css,b40399e8,Gabrielle Despaigne,2025-10-11,00:42:46,-07:00,2025-10-11T00:42:46-07:00,1,11
style.css,205,css,a80e9a2b,Gabrielle Despaigne,2025-10-11,00:26:47,-07:00,2025-10-11T00:26:47-07:00,1,14
style.css,206,css,a80e9a2b,Gabrielle Despaigne,2025-10-11,00:26:47,-07:00,2025-10-11T00:26:47-07:00,1,16
style.css,207,css,a80e9a2b,Gabrielle Despaigne,2025-10-11,00:26:47,-07:00,2025-10-11T00:26:47-07:00,1,11
style.css,208,css,a80e9a2b,Gabrielle Despaigne,2025-10-11,00:26:47,-07:00,2025-10-11T00:26:47-07:00,0,0
style.css,209,css,19ab58e7,Gabrielle Despaigne,2025-10-11,00:03:52,-07:00,2025-10-11T00:03:52-07:00,0,13
style.css,210,css,a80e9a2b,Gabrielle Despaigne,2025-10-11,00:26:47,-07:00,2025-10-11T00:26:47-07:00,1,23
style.css,211,css,a80e9a2b,Gabrielle Despaigne,2025-10-11,00:26:47,-07:00,2025-10-11T00:26:47-07:00,0,0
style.css,212,css,2acdb61a,Gabrielle Despaigne,2025-10-15,19:20:57,-07:00,2025-10-15T19:20:57-07:00,0,0
style.css,213,css,2acdb61a,Gabrielle Despaigne,2025-10-15,19:20:57,-07:00,2025-10-15T19:20:57-07:00,0,13
style.css,214,css,2acdb61a,Gabrielle Despaigne,2025-10-15,19:20:57,-07:00,2025-10-15T19:20:57-07:00,1,14
style.css,215,css,2acdb61a,Gabrielle Despaigne,2025-10-15,19:20:57,-07:00,2025-10-15T19:20:57-07:00,1,11
style.css,216,css,2acdb61a,Gabrielle Despaigne,2025-10-15,19:20:57,-07:00,2025-10-15T19:20:57-07:00,1,13
style.css,217,css,2acdb61a,Gabrielle Despaigne,2025-10-15,19:20:57,-07:00,2025-10-15T19:20:57-07:00,1,15
style.css,218,css,2acdb61a,Gabrielle Despaigne,2025-10-15,19:20:57,-07:00,2025-10-15T19:20:57-07:00,1,58
style.css,219,css,2acdb61a,Gabrielle Despaigne,2025-10-15,19:20:57,-07:00,2025-10-15T19:20:57-07:00,1,21
style.css,220,css,2acdb61a,Gabrielle Despaigne,2025-10-15,19:20:57,-07:00,2025-10-15T19:20:57-07:00,1,20
style.css,221,css,0b837e38,Gabrielle Despaigne,2025-10-15,20:32:01,-07:00,2025-10-15T20:32:01-07:00,0,0
style.css,222,css,0b837e38,Gabrielle Despaigne,2025-10-15,20:32:01,-07:00,2025-10-15T20:32:01-07:00,0,0
style.css,223,css,c09d10f7,Gabrielle Despaigne,2025-10-15,21:19:34,-07:00,2025-10-15T21:19:34-07:00,0,30
style.css,224,css,c09d10f7,Gabrielle Despaigne,2025-10-15,21:19:34,-07:00,2025-10-15T21:19:34-07:00,0,28
style.css,225,css,c09d10f7,Gabrielle Despaigne,2025-10-15,21:19:34,-07:00,2025-10-15T21:19:34-07:00,1,12
style.css,226,css,c09d10f7,Gabrielle Despaigne,2025-10-15,21:19:34,-07:00,2025-10-15T21:19:34-07:00,0,0
style.css,227,css,c09d10f7,Gabrielle Despaigne,2025-10-15,21:19:34,-07:00,2025-10-15T21:19:34-07:00,0,0
style.css,228,css,c09d10f7,Gabrielle Despaigne,2025-10-15,21:19:34,-07:00,2025-10-15T21:19:34-07:00,0,15
style.css,229,css,c09d10f7,Gabrielle Despaigne,2025-10-15,21:19:34,-07:00,2025-10-15T21:19:34-07:00,0,13
style.css,230,css,c09d10f7,Gabrielle Despaigne,2025-10-15,21:19:34,-07:00,2025-10-15T21:19:34-07:00,1,18
style.css,231,css,c09d10f7,Gabrielle Despaigne,2025-10-15,21:19:34,-07:00,2025-10-15T21:19:34-07:00,0,0
style.css,232,css,c09d10f7,Gabrielle Despaigne,2025-10-15,21:19:34,-07:00,2025-10-15T21:19:34-07:00,0,0
style.css,233,css,c09d10f7,Gabrielle Despaigne,2025-10-15,21:19:34,-07:00,2025-10-15T21:19:34-07:00,0,36
style.css,234,css,c09d10f7,Gabrielle Despaigne,2025-10-15,21:19:34,-07:00,2025-10-15T21:19:34-07:00,0,34
style.css,235,css,ff166902,Gabrielle Despaigne,2025-10-15,21:31:49,-07:00,2025-10-15T21:31:49-07:00,1,14
style.css,236,css,c09d10f7,Gabrielle Despaigne,2025-10-15,21:19:34,-07:00,2025-10-15T21:19:34-07:00,1,20
style.css,237,css,2809bf9d,Gabrielle Despaigne,2025-10-25,12:59:33,-07:00,2025-10-25T12:59:33-07:00,0,0
style.css,238,css,2809bf9d,Gabrielle Despaigne,2025-10-25,12:59:33,-07:00,2025-10-25T12:59:33-07:00,0,0
style.css,239,css,2809bf9d,Gabrielle Despaigne,2025-10-25,12:59:33,-07:00,2025-10-25T12:59:33-07:00,0,17
style.css,240,css,2809bf9d,Gabrielle Despaigne,2025-10-25,12:59:33,-07:00,2025-10-25T12:59:33-07:00,0,9
style.css,241,css,2809bf9d,Gabrielle Despaigne,2025-10-25,12:59:33,-07:00,2025-10-25T12:59:33-07:00,1,12
style.css,242,css,2809bf9d,Gabrielle Despaigne,2025-10-25,12:59:33,-07:00,2025-10-25T12:59:33-07:00,1,58
style.css,243,css,2809bf9d,Gabrielle Despaigne,2025-10-25,12:59:33,-07:00,2025-10-25T12:59:33-07:00,1,11
style.css,244,css,2809bf9d,Gabrielle Despaigne,2025-10-25,12:59:33,-07:00,2025-10-25T12:59:33-07:00,1,17
style.css,245,css,2809bf9d,Gabrielle Despaigne,2025-10-25,12:59:33,-07:00,2025-10-25T12:59:33-07:00,0,0
style.css,246,css,2809bf9d,Gabrielle Despaigne,2025-10-25,12:59:33,-07:00,2025-10-25T12:59:33-07:00,0,0
style.css,247,css,2809bf9d,Gabrielle Despaigne,2025-10-25,12:59:33,-07:00,2025-10-25T12:59:33-07:00,0,17
style.css,248,css,2809bf9d,Gabrielle Despaigne,2025-10-25,12:59:33,-07:00,2025-10-25T12:59:33-07:00,1,15
style.css,249,css,e63bca6e,Gabrielle Despaigne,2025-10-31,13:55:28,-07:00,2025-10-31T13:55:28-07:00,1,24
style.css,250,css,2809bf9d,Gabrielle Despaigne,2025-10-25,12:59:33,-07:00,2025-10-25T12:59:33-07:00,1,18
style.css,251,css,2809bf9d,Gabrielle Despaigne,2025-10-25,12:59:33,-07:00,2025-10-25T12:59:33-07:00,1,12
style.css,252,css,0a1c5e1e,Gabrielle Despaigne,2025-10-31,12:11:12,-07:00,2025-10-31T12:11:12-07:00,1,15
style.css,253,css,2809bf9d,Gabrielle Despaigne,2025-10-25,12:59:33,-07:00,2025-10-25T12:59:33-07:00,0,0
style.css,254,css,2809bf9d,Gabrielle Despaigne,2025-10-25,12:59:33,-07:00,2025-10-25T12:59:33-07:00,0,0
style.css,255,css,2809bf9d,Gabrielle Despaigne,2025-10-25,12:59:33,-07:00,2025-10-25T12:59:33-07:00,0,19
style.css,256,css,2809bf9d,Gabrielle Despaigne,2025-10-25,12:59:33,-07:00,2025-10-25T12:59:33-07:00,0,20
style.css,257,css,2809bf9d,Gabrielle Despaigne,2025-10-25,12:59:33,-07:00,2025-10-25T12:59:33-07:00,1,17
style.css,258,css,2809bf9d,Gabrielle Despaigne,2025-10-25,12:59:33,-07:00,2025-10-25T12:59:33-07:00,1,16
style.css,259,css,2809bf9d,Gabrielle Despaigne,2025-10-25,12:59:33,-07:00,2025-10-25T12:59:33-07:00,1,15
style.css,260,css,2809bf9d,Gabrielle Despaigne,2025-10-25,12:59:33,-07:00,2025-10-25T12:59:33-07:00,0,0
style.css,261,css,2809bf9d,Gabrielle Despaigne,2025-10-25,12:59:33,-07:00,2025-10-25T12:59:33-07:00,0,0
style.css,262,css,2809bf9d,Gabrielle Despaigne,2025-10-25,12:59:33,-07:00,2025-10-25T12:59:33-07:00,0,21
style.css,263,css,2809bf9d,Gabrielle Despaigne,2025-10-25,12:59:33,-07:00,2025-10-25T12:59:33-07:00,1,10
style.css,264,css,2809bf9d,Gabrielle Despaigne,2025-10-25,12:59:33,-07:00,2025-10-25T12:59:33-07:00,1,11
style.css,265,css,2809bf9d,Gabrielle Despaigne,2025-10-25,12:59:33,-07:00,2025-10-25T12:59:33-07:00,1,13
style.css,266,css,2809bf9d,Gabrielle Despaigne,2025-10-25,12:59:33,-07:00,2025-10-25T12:59:33-07:00,1,18
style.css,267,css,2809bf9d,Gabrielle Despaigne,2025-10-25,12:59:33,-07:00,2025-10-25T12:59:33-07:00,1,23
style.css,268,css,2809bf9d,Gabrielle Despaigne,2025-10-25,12:59:33,-07:00,2025-10-25T12:59:33-07:00,1,16
style.css,269,css,2809bf9d,Gabrielle Despaigne,2025-10-25,12:59:33,-07:00,2025-10-25T12:59:33-07:00,1,18
style.css,270,css,2809bf9d,Gabrielle Despaigne,2025-10-25,12:59:33,-07:00,2025-10-25T12:59:33-07:00,0,0
style.css,271,css,2809bf9d,Gabrielle Despaigne,2025-10-25,12:59:33,-07:00,2025-10-25T12:59:33-07:00,0,0
style.css,272,css,2809bf9d,Gabrielle Despaigne,2025-10-25,12:59:33,-07:00,2025-10-25T12:59:33-07:00,0,19
style.css,273,css,2809bf9d,Gabrielle Despaigne,2025-10-25,12:59:33,-07:00,2025-10-25T12:59:33-07:00,1,8
style.css,274,css,2809bf9d,Gabrielle Despaigne,2025-10-25,12:59:33,-07:00,2025-10-25T12:59:33-07:00,0,0
style.css,275,css,2809bf9d,Gabrielle Despaigne,2025-10-25,12:59:33,-07:00,2025-10-25T12:59:33-07:00,0,0
style.css,276,css,2809bf9d,Gabrielle Despaigne,2025-10-25,12:59:33,-07:00,2025-10-25T12:59:33-07:00,0,25
style.css,277,css,2809bf9d,Gabrielle Despaigne,2025-10-25,12:59:33,-07:00,2025-10-25T12:59:33-07:00,1,9
style.css,278,css,2809bf9d,Gabrielle Despaigne,2025-10-25,12:59:33,-07:00,2025-10-25T12:59:33-07:00,2,36
style.css,279,css,2809bf9d,Gabrielle Despaigne,2025-10-25,12:59:33,-07:00,2025-10-25T12:59:33-07:00,1,0
style.css,280,css,2809bf9d,Gabrielle Despaigne,2025-10-25,12:59:33,-07:00,2025-10-25T12:59:33-07:00,0,0
style.css,281,css,2809bf9d,Gabrielle Despaigne,2025-10-25,12:59:33,-07:00,2025-10-25T12:59:33-07:00,0,0
style.css,282,css,2809bf9d,Gabrielle Despaigne,2025-10-25,12:59:33,-07:00,2025-10-25T12:59:33-07:00,0,37
style.css,283,css,2809bf9d,Gabrielle Despaigne,2025-10-25,12:59:33,-07:00,2025-10-25T12:59:33-07:00,0,17
style.css,284,css,2809bf9d,Gabrielle Despaigne,2025-10-25,12:59:33,-07:00,2025-10-25T12:59:33-07:00,1,12
style.css,285,css,2809bf9d,Gabrielle Despaigne,2025-10-25,12:59:33,-07:00,2025-10-25T12:59:33-07:00,1,30
style.css,286,css,2809bf9d,Gabrielle Despaigne,2025-10-25,12:59:33,-07:00,2025-10-25T12:59:33-07:00,1,19
style.css,287,css,2809bf9d,Gabrielle Despaigne,2025-10-25,12:59:33,-07:00,2025-10-25T12:59:33-07:00,1,17
style.css,288,css,2809bf9d,Gabrielle Despaigne,2025-10-25,12:59:33,-07:00,2025-10-25T12:59:33-07:00,0,0
style.css,289,css,2809bf9d,Gabrielle Despaigne,2025-10-25,12:59:33,-07:00,2025-10-25T12:59:33-07:00,0,17
style.css,290,css,2809bf9d,Gabrielle Despaigne,2025-10-25,12:59:33,-07:00,2025-10-25T12:59:33-07:00,1,15
style.css,291,css,2809bf9d,Gabrielle Despaigne,2025-10-25,12:59:33,-07:00,2025-10-25T12:59:33-07:00,0,0
style.css,292,css,2809bf9d,Gabrielle Despaigne,2025-10-25,12:59:33,-07:00,2025-10-25T12:59:33-07:00,0,17
style.css,293,css,2809bf9d,Gabrielle Despaigne,2025-10-25,12:59:33,-07:00,2025-10-25T12:59:33-07:00,1,8
style.css,294,css,2809bf9d,Gabrielle Despaigne,2025-10-25,12:59:33,-07:00,2025-10-25T12:59:33-07:00,0,0
style.css,295,css,2809bf9d,Gabrielle Despaigne,2025-10-25,12:59:33,-07:00,2025-10-25T12:59:33-07:00,0,0
style.css,296,css,bbf06b29,Gabrielle Despaigne,2025-10-25,13:04:41,-07:00,2025-10-25T13:04:41-07:00,0,12
style.css,297,css,bbf06b29,Gabrielle Despaigne,2025-10-25,13:04:41,-07:00,2025-10-25T13:04:41-07:00,1,12
style.css,298,css,bbf06b29,Gabrielle Despaigne,2025-10-25,13:04:41,-07:00,2025-10-25T13:04:41-07:00,1,58
style.css,299,css,bbf06b29,Gabrielle Despaigne,2025-10-25,13:04:41,-07:00,2025-10-25T13:04:41-07:00,1,8
style.css,300,css,bbf06b29,Gabrielle Despaigne,2025-10-25,13:04:41,-07:00,2025-10-25T13:04:41-07:00,1,15
style.css,301,css,7716fb0e,Gabrielle Despaigne,2025-10-25,13:09:32,-07:00,2025-10-25T13:09:32-07:00,1,13
style.css,302,css,bbf06b29,Gabrielle Despaigne,2025-10-25,13:04:41,-07:00,2025-10-25T13:04:41-07:00,1,17
style.css,303,css,bbf06b29,Gabrielle Despaigne,2025-10-25,13:04:41,-07:00,2025-10-25T13:04:41-07:00,0,0
style.css,304,css,bbf06b29,Gabrielle Despaigne,2025-10-25,13:04:41,-07:00,2025-10-25T13:04:41-07:00,0,0
style.css,305,css,bbf06b29,Gabrielle Despaigne,2025-10-25,13:04:41,-07:00,2025-10-25T13:04:41-07:00,0,18
style.css,306,css,7716fb0e,Gabrielle Despaigne,2025-10-25,13:09:32,-07:00,2025-10-25T13:09:32-07:00,1,34
style.css,307,css,bbf06b29,Gabrielle Despaigne,2025-10-25,13:04:41,-07:00,2025-10-25T13:04:41-07:00,1,18
style.css,308,css,7716fb0e,Gabrielle Despaigne,2025-10-25,13:09:32,-07:00,2025-10-25T13:09:32-07:00,1,16
style.css,309,css,7716fb0e,Gabrielle Despaigne,2025-10-25,13:09:32,-07:00,2025-10-25T13:09:32-07:00,1,17
style.css,310,css,7716fb0e,Gabrielle Despaigne,2025-10-25,13:09:32,-07:00,2025-10-25T13:09:32-07:00,1,15
style.css,311,css,7716fb0e,Gabrielle Despaigne,2025-10-25,13:09:32,-07:00,2025-10-25T13:09:32-07:00,1,17
style.css,312,css,bbf06b29,Gabrielle Despaigne,2025-10-25,13:04:41,-07:00,2025-10-25T13:04:41-07:00,0,0
style.css,313,css,bbf06b29,Gabrielle Despaigne,2025-10-25,13:04:41,-07:00,2025-10-25T13:04:41-07:00,0,0
style.css,314,css,bbf06b29,Gabrielle Despaigne,2025-10-25,13:04:41,-07:00,2025-10-25T13:04:41-07:00,0,21
style.css,315,css,bbf06b29,Gabrielle Despaigne,2025-10-25,13:04:41,-07:00,2025-10-25T13:04:41-07:00,1,15
style.css,316,css,bbf06b29,Gabrielle Despaigne,2025-10-25,13:04:41,-07:00,2025-10-25T13:04:41-07:00,1,14
style.css,317,css,bbf06b29,Gabrielle Despaigne,2025-10-25,13:04:41,-07:00,2025-10-25T13:04:41-07:00,1,21
style.css,318,css,bbf06b29,Gabrielle Despaigne,2025-10-25,13:04:41,-07:00,2025-10-25T13:04:41-07:00,1,10
style.css,319,css,bbf06b29,Gabrielle Despaigne,2025-10-25,13:04:41,-07:00,2025-10-25T13:04:41-07:00,0,0
style.css,320,css,bbf06b29,Gabrielle Despaigne,2025-10-25,13:04:41,-07:00,2025-10-25T13:04:41-07:00,0,0
style.css,321,css,bbf06b29,Gabrielle Despaigne,2025-10-25,13:04:41,-07:00,2025-10-25T13:04:41-07:00,0,21
style.css,322,css,bbf06b29,Gabrielle Despaigne,2025-10-25,13:04:41,-07:00,2025-10-25T13:04:41-07:00,1,8
style.css,323,css,bbf06b29,Gabrielle Despaigne,2025-10-25,13:04:41,-07:00,2025-10-25T13:04:41-07:00,1,17
style.css,324,css,5fb9f3d5,Gabrielle Despaigne,2025-10-25,13:18:19,-07:00,2025-10-25T13:18:19-07:00,1,13
style.css,325,css,bbf06b29,Gabrielle Despaigne,2025-10-25,13:04:41,-07:00,2025-10-25T13:04:41-07:00,0,0
style.css,326,css,f773ea37,Gabrielle Despaigne,2025-10-31,11:51:07,-07:00,2025-10-31T11:51:07-07:00,0,0
style.css,327,css,6bc24036,Gabrielle Despaigne,2025-10-31,12:13:47,-07:00,2025-10-31T12:13:47-07:00,0,16
style.css,328,css,6bc24036,Gabrielle Despaigne,2025-10-31,12:13:47,-07:00,2025-10-31T12:13:47-07:00,0,0
style.css,329,css,f773ea37,Gabrielle Despaigne,2025-10-31,11:51:07,-07:00,2025-10-31T11:51:07-07:00,0,18
style.css,330,css,f773ea37,Gabrielle Despaigne,2025-10-31,11:51:07,-07:00,2025-10-31T11:51:07-07:00,1,12
style.css,331,css,f773ea37,Gabrielle Despaigne,2025-10-31,11:51:07,-07:00,2025-10-31T11:51:07-07:00,1,11
style.css,332,css,f773ea37,Gabrielle Despaigne,2025-10-31,11:51:07,-07:00,2025-10-31T11:51:07-07:00,0,0
style.css,333,css,f773ea37,Gabrielle Despaigne,2025-10-31,11:51:07,-07:00,2025-10-31T11:51:07-07:00,0,0
style.css,334,css,f773ea37,Gabrielle Despaigne,2025-10-31,11:51:07,-07:00,2025-10-31T11:51:07-07:00,0,13
style.css,335,css,f773ea37,Gabrielle Despaigne,2025-10-31,11:51:07,-07:00,2025-10-31T11:51:07-07:00,1,43
style.css,336,css,d84d318e,Gabrielle Despaigne,2025-10-31,12:06:53,-07:00,2025-10-31T12:06:53-07:00,1,17
style.css,337,css,d84d318e,Gabrielle Despaigne,2025-10-31,12:06:53,-07:00,2025-10-31T12:06:53-07:00,1,12
style.css,338,css,d84d318e,Gabrielle Despaigne,2025-10-31,12:06:53,-07:00,2025-10-31T12:06:53-07:00,1,18
style.css,339,css,f773ea37,Gabrielle Despaigne,2025-10-31,11:51:07,-07:00,2025-10-31T11:51:07-07:00,1,13
style.css,340,css,d84d318e,Gabrielle Despaigne,2025-10-31,12:06:53,-07:00,2025-10-31T12:06:53-07:00,0,0
style.css,341,css,d84d318e,Gabrielle Despaigne,2025-10-31,12:06:53,-07:00,2025-10-31T12:06:53-07:00,0,0
style.css,342,css,6d3ba0f5,Gabrielle Despaigne,2025-10-31,13:12:39,-07:00,2025-10-31T13:12:39-07:00,0,17
style.css,343,css,6d3ba0f5,Gabrielle Despaigne,2025-10-31,13:12:39,-07:00,2025-10-31T13:12:39-07:00,0,0
style.css,344,css,6d3ba0f5,Gabrielle Despaigne,2025-10-31,13:12:39,-07:00,2025-10-31T13:12:39-07:00,0,18
style.css,345,css,6d3ba0f5,Gabrielle Despaigne,2025-10-31,13:12:39,-07:00,2025-10-31T13:12:39-07:00,1,14
style.css,346,css,6d3ba0f5,Gabrielle Despaigne,2025-10-31,13:12:39,-07:00,2025-10-31T13:12:39-07:00,1,16
style.css,347,css,6d3ba0f5,Gabrielle Despaigne,2025-10-31,13:12:39,-07:00,2025-10-31T13:12:39-07:00,1,16
style.css,348,css,a85930bc,Gabrielle Despaigne,2025-10-31,13:58:55,-07:00,2025-10-31T13:58:55-07:00,0,0
style.css,349,css,a85930bc,Gabrielle Despaigne,2025-10-31,13:58:55,-07:00,2025-10-31T13:58:55-07:00,0,0
style.css,350,css,a85930bc,Gabrielle Despaigne,2025-10-31,13:58:55,-07:00,2025-10-31T13:58:55-07:00,0,15
style.css,351,css,a85930bc,Gabrielle Despaigne,2025-10-31,13:58:55,-07:00,2025-10-31T13:58:55-07:00,0,7
style.css,352,css,a85930bc,Gabrielle Despaigne,2025-10-31,13:58:55,-07:00,2025-10-31T13:58:55-07:00,1,12
style.css,353,css,a85930bc,Gabrielle Despaigne,2025-10-31,13:58:55,-07:00,2025-10-31T13:58:55-07:00,1,57
style.css,354,css,a85930bc,Gabrielle Despaigne,2025-10-31,13:58:55,-07:00,2025-10-31T13:58:55-07:00,1,15
style.css,355,css,a85930bc,Gabrielle Despaigne,2025-10-31,13:58:55,-07:00,2025-10-31T13:58:55-07:00,1,15
style.css,356,css,a85930bc,Gabrielle Despaigne,2025-10-31,13:58:55,-07:00,2025-10-31T13:58:55-07:00,1,17
style.css,357,css,a85930bc,Gabrielle Despaigne,2025-10-31,13:58:55,-07:00,2025-10-31T13:58:55-07:00,1,9
style.css,358,css,a85930bc,Gabrielle Despaigne,2025-10-31,13:58:55,-07:00,2025-10-31T13:58:55-07:00,0,0
style.css,359,css,a85930bc,Gabrielle Despaigne,2025-10-31,13:58:55,-07:00,2025-10-31T13:58:55-07:00,0,0
style.css,360,css,a85930bc,Gabrielle Despaigne,2025-10-31,13:58:55,-07:00,2025-10-31T13:58:55-07:00,0,10
style.css,361,css,a85930bc,Gabrielle Despaigne,2025-10-31,13:58:55,-07:00,2025-10-31T13:58:55-07:00,1,19
style.css,362,css,a85930bc,Gabrielle Despaigne,2025-10-31,13:58:55,-07:00,2025-10-31T13:58:55-07:00,1,18
style.css,363,css,a85930bc,Gabrielle Despaigne,2025-10-31,13:58:55,-07:00,2025-10-31T13:58:55-07:00,1,10
style.css,364,css,a85930bc,Gabrielle Despaigne,2025-10-31,13:58:55,-07:00,2025-10-31T13:58:55-07:00,1,22
style.css,365,css,a85930bc,Gabrielle Despaigne,2025-10-31,13:58:55,-07:00,2025-10-31T13:58:55-07:00,0,0
style.css,366,css,a85930bc,Gabrielle Despaigne,2025-10-31,13:58:55,-07:00,2025-10-31T13:58:55-07:00,0,0
style.css,367,css,a85930bc,Gabrielle Despaigne,2025-10-31,13:58:55,-07:00,2025-10-31T13:58:55-07:00,0,15
style.css,368,css,a85930bc,Gabrielle Despaigne,2025-10-31,13:58:55,-07:00,2025-10-31T13:58:55-07:00,1,12
style.css,369,css,a85930bc,Gabrielle Despaigne,2025-10-31,13:58:55,-07:00,2025-10-31T13:58:55-07:00,1,18
style.css,370,css,a85930bc,Gabrielle Despaigne,2025-10-31,13:58:55,-07:00,2025-10-31T13:58:55-07:00,1,23
style.css,371,css,a85930bc,Gabrielle Despaigne,2025-10-31,13:58:55,-07:00,2025-10-31T13:58:55-07:00,1,17
style.css,372,css,a85930bc,Gabrielle Despaigne,2025-10-31,13:58:55,-07:00,2025-10-31T13:58:55-07:00,1,20
style.css,373,css,a85930bc,Gabrielle Despaigne,2025-10-31,13:58:55,-07:00,2025-10-31T13:58:55-07:00,0,0
style.css,374,css,a85930bc,Gabrielle Despaigne,2025-10-31,13:58:55,-07:00,2025-10-31T13:58:55-07:00,0,0
style.css,375,css,a85930bc,Gabrielle Despaigne,2025-10-31,13:58:55,-07:00,2025-10-31T13:58:55-07:00,0,12
style.css,376,css,a85930bc,Gabrielle Despaigne,2025-10-31,13:58:55,-07:00,2025-10-31T13:58:55-07:00,1,12
style.css,377,css,a85930bc,Gabrielle Despaigne,2025-10-31,13:58:55,-07:00,2025-10-31T13:58:55-07:00,1,30
style.css,378,css,a85930bc,Gabrielle Despaigne,2025-10-31,13:58:55,-07:00,2025-10-31T13:58:55-07:00,1,17
style.css,379,css,a85930bc,Gabrielle Despaigne,2025-10-31,13:58:55,-07:00,2025-10-31T13:58:55-07:00,1,16
style.css,380,css,a85930bc,Gabrielle Despaigne,2025-10-31,13:58:55,-07:00,2025-10-31T13:58:55-07:00,0,0
style.css,381,css,a85930bc,Gabrielle Despaigne,2025-10-31,13:58:55,-07:00,2025-10-31T13:58:55-07:00,0,0
style.css,382,css,a85930bc,Gabrielle Despaigne,2025-10-31,13:58:55,-07:00,2025-10-31T13:58:55-07:00,0,25
style.css,383,css,a85930bc,Gabrielle Despaigne,2025-10-31,13:58:55,-07:00,2025-10-31T13:58:55-07:00,1,42
style.css,384,css,a85930bc,Gabrielle Despaigne,2025-10-31,13:58:55,-07:00,2025-10-31T13:58:55-07:00,0,0
style.css,385,css,0f228a49,Gabrielle Despaigne,2025-11-01,02:06:13,-07:00,2025-11-01T02:06:13-07:00,0,0
style.css,386,css,0f228a49,Gabrielle Despaigne,2025-11-01,02:06:13,-07:00,2025-11-01T02:06:13-07:00,0,15
style.css,387,css,0f228a49,Gabrielle Despaigne,2025-11-01,02:06:13,-07:00,2025-11-01T02:06:13-07:00,1,10
style.css,388,css,0f228a49,Gabrielle Despaigne,2025-11-01,02:06:13,-07:00,2025-11-01T02:06:13-07:00,1,14
style.css,389,css,0f228a49,Gabrielle Despaigne,2025-11-01,02:06:13,-07:00,2025-11-01T02:06:13-07:00,1,19
style.css,390,css,0f228a49,Gabrielle Despaigne,2025-11-01,02:06:13,-07:00,2025-11-01T02:06:13-07:00,1,21
style.css,391,css,0f228a49,Gabrielle Despaigne,2025-11-01,02:06:13,-07:00,2025-11-01T02:06:13-07:00,1,17
style.css,392,css,0f228a49,Gabrielle Despaigne,2025-11-01,02:06:13,-07:00,2025-11-01T02:06:13-07:00,1,22
style.css,393,css,0f228a49,Gabrielle Despaigne,2025-11-01,02:06:13,-07:00,2025-11-01T02:06:13-07:00,1,16
style.css,394,css,0f228a49,Gabrielle Despaigne,2025-11-01,02:06:13,-07:00,2025-11-01T02:06:13-07:00,0,0
style.css,395,css,8b17675d,Gabrielle Despaigne,2025-11-07,17:18:05,-08:00,2025-11-07T17:18:05-08:00,0,0
style.css,396,css,8b17675d,Gabrielle Despaigne,2025-11-07,17:18:05,-08:00,2025-11-07T17:18:05-08:00,0,21
style.css,397,css,8b17675d,Gabrielle Despaigne,2025-11-07,17:18:05,-08:00,2025-11-07T17:18:05-08:00,0,6
style.css,398,css,2d66411f,Gabrielle Despaigne,2025-11-07,17:53:26,-08:00,2025-11-07T17:53:26-08:00,1,12
style.css,399,css,2d66411f,Gabrielle Despaigne,2025-11-07,17:53:26,-08:00,2025-11-07T17:53:26-08:00,1,36
style.css,400,css,2d66411f,Gabrielle Despaigne,2025-11-07,17:53:26,-08:00,2025-11-07T17:53:26-08:00,1,19
style.css,401,css,8b17675d,Gabrielle Despaigne,2025-11-07,17:18:05,-08:00,2025-11-07T17:18:05-08:00,1,8
style.css,402,css,2d66411f,Gabrielle Despaigne,2025-11-07,17:53:26,-08:00,2025-11-07T17:53:26-08:00,1,16
style.css,403,css,2d66411f,Gabrielle Despaigne,2025-11-07,17:53:26,-08:00,2025-11-07T17:53:26-08:00,1,15
style.css,404,css,2d66411f,Gabrielle Despaigne,2025-11-07,17:53:26,-08:00,2025-11-07T17:53:26-08:00,1,17
style.css,405,css,8b17675d,Gabrielle Despaigne,2025-11-07,17:18:05,-08:00,2025-11-07T17:18:05-08:00,0,0
style.css,406,css,8b17675d,Gabrielle Despaigne,2025-11-07,17:18:05,-08:00,2025-11-07T17:18:05-08:00,0,0
style.css,407,css,2d66411f,Gabrielle Despaigne,2025-11-07,17:53:26,-08:00,2025-11-07T17:53:26-08:00,0,24
style.css,408,css,2d66411f,Gabrielle Despaigne,2025-11-07,17:53:26,-08:00,2025-11-07T17:53:26-08:00,1,10
style.css,409,css,2d66411f,Gabrielle Despaigne,2025-11-07,17:53:26,-08:00,2025-11-07T17:53:26-08:00,0,0
style.css,410,css,2d66411f,Gabrielle Despaigne,2025-11-07,17:53:26,-08:00,2025-11-07T17:53:26-08:00,0,24
style.css,411,css,2d66411f,Gabrielle Despaigne,2025-11-07,17:53:26,-08:00,2025-11-07T17:53:26-08:00,1,10
style.css,412,css,8b17675d,Gabrielle Despaigne,2025-11-07,17:18:05,-08:00,2025-11-07T17:18:05-08:00,0,0
style.css,413,css,8b17675d,Gabrielle Despaigne,2025-11-07,17:18:05,-08:00,2025-11-07T17:18:05-08:00,0,0
style.css,414,css,8b17675d,Gabrielle Despaigne,2025-11-07,17:18:05,-08:00,2025-11-07T17:18:05-08:00,0,9
style.css,415,css,8b17675d,Gabrielle Despaigne,2025-11-07,17:18:05,-08:00,2025-11-07T17:18:05-08:00,1,15
style.css,416,css,2d66411f,Gabrielle Despaigne,2025-11-07,17:53:26,-08:00,2025-11-07T17:53:26-08:00,1,10
style.css,417,css,2d66411f,Gabrielle Despaigne,2025-11-07,17:53:26,-08:00,2025-11-07T17:53:26-08:00,1,16
style.css,418,css,2d66411f,Gabrielle Despaigne,2025-11-07,17:53:26,-08:00,2025-11-07T17:53:26-08:00,1,20
style.css,419,css,8b17675d,Gabrielle Despaigne,2025-11-07,17:18:05,-08:00,2025-11-07T17:18:05-08:00,0,0
style.css,420,css,8b17675d,Gabrielle Despaigne,2025-11-07,17:18:05,-08:00,2025-11-07T17:18:05-08:00,0,9
style.css,421,css,8b17675d,Gabrielle Despaigne,2025-11-07,17:18:05,-08:00,2025-11-07T17:18:05-08:00,1,13
style.css,422,css,2d66411f,Gabrielle Despaigne,2025-11-07,17:53:26,-08:00,2025-11-07T17:53:26-08:00,1,16
style.css,423,css,2d66411f,Gabrielle Despaigne,2025-11-07,17:53:26,-08:00,2025-11-07T17:53:26-08:00,1,15
style.css,424,css,2d66411f,Gabrielle Despaigne,2025-11-07,17:53:26,-08:00,2025-11-07T17:53:26-08:00,1,8
style.css,425,css,8b17675d,Gabrielle Despaigne,2025-11-07,17:18:05,-08:00,2025-11-07T17:18:05-08:00,0,0
style.css,426,css,2d66411f,Gabrielle Despaigne,2025-11-07,17:53:26,-08:00,2025-11-07T17:53:26-08:00,0,0
style.css,427,css,f2833b34,Gabrielle Despaigne,2025-11-07,19:37:29,-08:00,2025-11-07T19:37:29-08:00,0,15
style.css,428,css,f2833b34,Gabrielle Despaigne,2025-11-07,19:37:29,-08:00,2025-11-07T19:37:29-08:00,1,11
style.css,429,css,f2833b34,Gabrielle Despaigne,2025-11-07,19:37:29,-08:00,2025-11-07T19:37:29-08:00,1,18
style.css,430,css,f2833b34,Gabrielle Despaigne,2025-11-07,19:37:29,-08:00,2025-11-07T19:37:29-08:00,0,0
style.css,431,css,f2833b34,Gabrielle Despaigne,2025-11-07,19:37:29,-08:00,2025-11-07T19:37:29-08:00,0,0
style.css,432,css,f2833b34,Gabrielle Despaigne,2025-11-07,19:37:29,-08:00,2025-11-07T19:37:29-08:00,0,55
style.css,433,css,f2833b34,Gabrielle Despaigne,2025-11-07,19:37:29,-08:00,2025-11-07T19:37:29-08:00,0,7
style.css,434,css,f2833b34,Gabrielle Despaigne,2025-11-07,19:37:29,-08:00,2025-11-07T19:37:29-08:00,1,12
style.css,435,css,f2833b34,Gabrielle Despaigne,2025-11-07,19:37:29,-08:00,2025-11-07T19:37:29-08:00,1,30
style.css,436,css,f2833b34,Gabrielle Despaigne,2025-11-07,19:37:29,-08:00,2025-11-07T19:37:29-08:00,1,19
style.css,437,css,f2833b34,Gabrielle Despaigne,2025-11-07,19:37:29,-08:00,2025-11-07T19:37:29-08:00,1,8
style.css,438,css,f2833b34,Gabrielle Despaigne,2025-11-07,19:37:29,-08:00,2025-11-07T19:37:29-08:00,1,20
style.css,439,css,f2833b34,Gabrielle Despaigne,2025-11-07,19:37:29,-08:00,2025-11-07T19:37:29-08:00,1,16
style.css,440,css,f2833b34,Gabrielle Despaigne,2025-11-07,19:37:29,-08:00,2025-11-07T19:37:29-08:00,1,24
style.css,441,css,f2833b34,Gabrielle Despaigne,2025-11-07,19:37:29,-08:00,2025-11-07T19:37:29-08:00,1,10
style.css,442,css,f2833b34,Gabrielle Despaigne,2025-11-07,19:37:29,-08:00,2025-11-07T19:37:29-08:00,1,17
style.css,443,css,f2833b34,Gabrielle Despaigne,2025-11-07,19:37:29,-08:00,2025-11-07T19:37:29-08:00,1,41
style.css,444,css,f2833b34,Gabrielle Despaigne,2025-11-07,19:37:29,-08:00,2025-11-07T19:37:29-08:00,1,25
style.css,445,css,f2833b34,Gabrielle Despaigne,2025-11-07,19:37:29,-08:00,2025-11-07T19:37:29-08:00,1,39
style.css,446,css,f2833b34,Gabrielle Despaigne,2025-11-07,19:37:29,-08:00,2025-11-07T19:37:29-08:00,0,0
style.css,447,css,f2833b34,Gabrielle Despaigne,2025-11-07,19:37:29,-08:00,2025-11-07T19:37:29-08:00,0,0
style.css,448,css,f2833b34,Gabrielle Despaigne,2025-11-07,19:37:29,-08:00,2025-11-07T19:37:29-08:00,0,10
style.css,449,css,f2833b34,Gabrielle Despaigne,2025-11-07,19:37:29,-08:00,2025-11-07T19:37:29-08:00,1,15
style.css,450,css,f2833b34,Gabrielle Despaigne,2025-11-07,19:37:29,-08:00,2025-11-07T19:37:29-08:00,1,11
style.css,451,css,f2833b34,Gabrielle Despaigne,2025-11-07,19:37:29,-08:00,2025-11-07T19:37:29-08:00,0,0
style.css,452,css,f2833b34,Gabrielle Despaigne,2025-11-07,19:37:29,-08:00,2025-11-07T19:37:29-08:00,0,0
style.css,453,css,f2833b34,Gabrielle Despaigne,2025-11-07,19:37:29,-08:00,2025-11-07T19:37:29-08:00,0,10
style.css,454,css,f2833b34,Gabrielle Despaigne,2025-11-07,19:37:29,-08:00,2025-11-07T19:37:29-08:00,1,8
style.css,455,css,f2833b34,Gabrielle Despaigne,2025-11-07,19:37:29,-08:00,2025-11-07T19:37:29-08:00,0,0
style.css,456,css,f2833b34,Gabrielle Despaigne,2025-11-07,19:37:29,-08:00,2025-11-07T19:37:29-08:00,0,0
style.css,457,css,f2833b34,Gabrielle Despaigne,2025-11-07,19:37:29,-08:00,2025-11-07T19:37:29-08:00,0,23
style.css,458,css,f2833b34,Gabrielle Despaigne,2025-11-07,19:37:29,-08:00,2025-11-07T19:37:29-08:00,0,8
style.css,459,css,f2833b34,Gabrielle Despaigne,2025-11-07,19:37:29,-08:00,2025-11-07T19:37:29-08:00,1,14
style.css,460,css,f2833b34,Gabrielle Despaigne,2025-11-07,19:37:29,-08:00,2025-11-07T19:37:29-08:00,1,7
style.css,461,css,f2833b34,Gabrielle Despaigne,2025-11-07,19:37:29,-08:00,2025-11-07T19:37:29-08:00,1,8
style.css,462,css,f2833b34,Gabrielle Despaigne,2025-11-07,19:37:29,-08:00,2025-11-07T19:37:29-08:00,1,10
style.css,463,css,f2833b34,Gabrielle Despaigne,2025-11-07,19:37:29,-08:00,2025-11-07T19:37:29-08:00,0,0
style.css,464,css,f2833b34,Gabrielle Despaigne,2025-11-07,19:37:29,-08:00,2025-11-07T19:37:29-08:00,0,0
style.css,465,css,f2833b34,Gabrielle Despaigne,2025-11-07,19:37:29,-08:00,2025-11-07T19:37:29-08:00,0,42
style.css,466,css,f2833b34,Gabrielle Despaigne,2025-11-07,19:37:29,-08:00,2025-11-07T19:37:29-08:00,1,9
style.css,467,css,f2833b34,Gabrielle Despaigne,2025-11-07,19:37:29,-08:00,2025-11-07T19:37:29-08:00,1,17
style.css,468,css,f2833b34,Gabrielle Despaigne,2025-11-07,19:37:29,-08:00,2025-11-07T19:37:29-08:00,0,0
style.css,469,css,f2833b34,Gabrielle Despaigne,2025-11-07,19:37:29,-08:00,2025-11-07T19:37:29-08:00,0,0
style.css,470,css,f2833b34,Gabrielle Despaigne,2025-11-07,19:37:29,-08:00,2025-11-07T19:37:29-08:00,0,6
style.css,471,css,f2833b34,Gabrielle Despaigne,2025-11-07,19:37:29,-08:00,2025-11-07T19:37:29-08:00,1,16
style.css,472,css,f2833b34,Gabrielle Despaigne,2025-11-07,19:37:29,-08:00,2025-11-07T19:37:29-08:00,1,23
style.css,473,css,f2833b34,Gabrielle Despaigne,2025-11-07,19:37:29,-08:00,2025-11-07T19:37:29-08:00,1,22
style.css,474,css,f2833b34,Gabrielle Despaigne,2025-11-07,19:37:29,-08:00,2025-11-07T19:37:29-08:00,0,0
style.css,475,css,2d66411f,Gabrielle Despaigne,2025-11-07,17:53:26,-08:00,2025-11-07T17:53:26-08:00,0,0
style.css,476,css,f2833b34,Gabrielle Despaigne,2025-11-07,19:37:29,-08:00,2025-11-07T19:37:29-08:00,0,12
style.css,477,css,f2833b34,Gabrielle Despaigne,2025-11-07,19:37:29,-08:00,2025-11-07T19:37:29-08:00,1,20
style.css,478,css,f2833b34,Gabrielle Despaigne,2025-11-07,19:37:29,-08:00,2025-11-07T19:37:29-08:00,0,0
style.css,479,css,f2833b34,Gabrielle Despaigne,2025-11-07,19:37:29,-08:00,2025-11-07T19:37:29-08:00,0,0
style.css,480,css,f2833b34,Gabrielle Despaigne,2025-11-07,19:37:29,-08:00,2025-11-07T19:37:29-08:00,0,15
style.css,481,css,f2833b34,Gabrielle Despaigne,2025-11-07,19:37:29,-08:00,2025-11-07T19:37:29-08:00,1,12
style.css,482,css,f2833b34,Gabrielle Despaigne,2025-11-07,19:37:29,-08:00,2025-11-07T19:37:29-08:00,0,0
style.css,483,css,d63c6b76,Gabrielle Despaigne,2025-11-15,14:54:12,-08:00,2025-11-15T14:54:12-08:00,0,0
style.css,484,css,d63c6b76,Gabrielle Despaigne,2025-11-15,14:54:12,-08:00,2025-11-15T14:54:12-08:00,0,12
style.css,485,css,d63c6b76,Gabrielle Despaigne,2025-11-15,14:54:12,-08:00,2025-11-15T14:54:12-08:00,1,13
style.css,486,css,70488973,Gabrielle Despaigne,2025-11-15,15:02:13,-08:00,2025-11-15T15:02:13-08:00,1,17
style.css,487,css,d63c6b76,Gabrielle Despaigne,2025-11-15,14:54:12,-08:00,2025-11-15T14:54:12-08:00,1,16
style.css,488,css,d63c6b76,Gabrielle Despaigne,2025-11-15,14:54:12,-08:00,2025-11-15T14:54:12-08:00,1,24
style.css,489,css,d63c6b76,Gabrielle Despaigne,2025-11-15,14:54:12,-08:00,2025-11-15T14:54:12-08:00,1,15
style.css,490,css,d63c6b76,Gabrielle Despaigne,2025-11-15,14:54:12,-08:00,2025-11-15T14:54:12-08:00,0,0
style.css,491,css,d63c6b76,Gabrielle Despaigne,2025-11-15,14:54:12,-08:00,2025-11-15T14:54:12-08:00,0,0
style.css,492,css,d63c6b76,Gabrielle Despaigne,2025-11-15,14:54:12,-08:00,2025-11-15T14:54:12-08:00,0,18
style.css,493,css,d63c6b76,Gabrielle Despaigne,2025-11-15,14:54:12,-08:00,2025-11-15T14:54:12-08:00,1,18
style.css,494,css,d63c6b76,Gabrielle Despaigne,2025-11-15,14:54:12,-08:00,2025-11-15T14:54:12-08:00,1,11
style.css,495,css,7a2ded4a,Gabrielle Despaigne,2025-11-20,20:14:48,-08:00,2025-11-20T20:14:48-08:00,0,0
style.css,496,css,7a2ded4a,Gabrielle Despaigne,2025-11-20,20:14:48,-08:00,2025-11-20T20:14:48-08:00,0,0
style.css,497,css,00000000,Not Committed Yet,2025-11-20,21:39:08,-08:00,2025-11-20T21:39:08-08:00,0,33
style.css,498,css,7a2ded4a,Gabrielle Despaigne,2025-11-20,20:14:48,-08:00,2025-11-20T20:14:48-08:00,0,12
style.css,499,css,7a2ded4a,Gabrielle Despaigne,2025-11-20,20:14:48,-08:00,2025-11-20T20:14:48-08:00,1,12
style.css,500,css,7a2ded4a,Gabrielle Despaigne,2025-11-20,20:14:48,-08:00,2025-11-20T20:14:48-08:00,1,6
style.css,501,css,7a2ded4a,Gabrielle Despaigne,2025-11-20,20:14:48,-08:00,2025-11-20T20:14:48-08:00,1,20
style.css,502,css,00000000,Not Committed Yet,2025-11-20,21:39:08,-08:00,2025-11-20T21:39:08-08:00,1,18
style.css,503,css,00000000,Not Committed Yet,2025-11-20,21:39:08,-08:00,2025-11-20T21:39:08-08:00,1,12
style.css,504,css,7a2ded4a,Gabrielle Despaigne,2025-11-20,20:14:48,-08:00,2025-11-20T20:14:48-08:00,0,0
style.css,505,css,7a2ded4a,Gabrielle Despaigne,2025-11-20,20:14:48,-08:00,2025-11-20T20:14:48-08:00,0,0
style.css,506,css,7a2ded4a,Gabrielle Despaigne,2025-11-20,20:14:48,-08:00,2025-11-20T20:14:48-08:00,0,18
style.css,507,css,7a2ded4a,Gabrielle Despaigne,2025-11-20,20:14:48,-08:00,2025-11-20T20:14:48-08:00,1,12
style.css,508,css,7a2ded4a,Gabrielle Despaigne,2025-11-20,20:14:48,-08:00,2025-11-20T20:14:48-08:00,1,20
style.css,509,css,7a2ded4a,Gabrielle Despaigne,2025-11-20,20:14:48,-08:00,2025-11-20T20:14:48-08:00,1,7
style.css,510,css,7a2ded4a,Gabrielle Despaigne,2025-11-20,20:14:48,-08:00,2025-11-20T20:14:48-08:00,1,10
style.css,511,css,7a2ded4a,Gabrielle Despaigne,2025-11-20,20:14:48,-08:00,2025-11-20T20:14:48-08:00,0,0
style.css,512,css,7a2ded4a,Gabrielle Despaigne,2025-11-20,20:14:48,-08:00,2025-11-20T20:14:48-08:00,0,0
style.css,513,css,7a2ded4a,Gabrielle Despaigne,2025-11-20,20:14:48,-08:00,2025-11-20T20:14:48-08:00,0,17
style.css,514,css,7a2ded4a,Gabrielle Despaigne,2025-11-20,20:14:48,-08:00,2025-11-20T20:14:48-08:00,1,16
style.css,515,css,00000000,Not Committed Yet,2025-11-20,21:39:08,-08:00,2025-11-20T21:39:08-08:00,0,0
style.css,516,css,00000000,Not Committed Yet,2025-11-20,21:39:08,-08:00,2025-11-20T21:39:08-08:00,0,0
style.css,517,css,00000000,Not Committed Yet,2025-11-20,21:39:08,-08:00,2025-11-20T21:39:08-08:00,0,16
style.css,518,css,00000000,Not Committed Yet,2025-11-20,21:39:08,-08:00,2025-11-20T21:39:08-08:00,1,6
style.css,519,css,00000000,Not Committed Yet,2025-11-20,21:39:08,-08:00,2025-11-20T21:39:08-08:00,1,15
style.css,520,css,00000000,Not Committed Yet,2025-11-20,21:39:08,-08:00,2025-11-20T21:39:08-08:00,0,0
style.css,521,css,00000000,Not Committed Yet,2025-11-20,21:39:08,-08:00,2025-11-20T21:39:08-08:00,0,0
style.css,522,css,00000000,Not Committed Yet,2025-11-20,21:39:08,-08:00,2025-11-20T21:39:08-08:00,0,6
style.css,523,css,00000000,Not Committed Yet,2025-11-20,21:39:08,-08:00,2025-11-20T21:39:08-08:00,1,29
style.css,524,css,00000000,Not Committed Yet,2025-11-20,21:39:08,-08:00,2025-11-20T21:39:08-08:00,0,0
style.css,525,css,00000000,Not Committed Yet,2025-11-20,21:39:08,-08:00,2025-11-20T21:39:08-08:00,0,0
style.css,526,css,00000000,Not Committed Yet,2025-11-20,21:39:08,-08:00,2025-11-20T21:39:08-08:00,0,15
style.css,527,css,00000000,Not Committed Yet,2025-11-20,21:39:08,-08:00,2025-11-20T21:39:08-08:00,1,6
style.css,528,css,00000000,Not Committed Yet,2025-11-20,21:39:08,-08:00,2025-11-20T21:39:08-08:00,2,3
style.css,529,css,00000000,Not Committed Yet,2025-11-20,21:39:08,-08:00,2025-11-20T21:39:08-08:00,1,0
style.css,530,css,00000000,Not Committed Yet,2025-11-20,21:39:08,-08:00,2025-11-20T21:39:08-08:00,0,0
style.css,531,css,00000000,Not Committed Yet,2025-11-20,21:39:08,-08:00,2025-11-20T21:39:08-08:00,0,0
style.css,532,css,00000000,Not Committed Yet,2025-11-20,21:39:08,-08:00,2025-11-20T21:39:08-08:00,0,6
style.css,533,css,00000000,Not Committed Yet,2025-11-20,21:39:08,-08:00,2025-11-20T21:39:08-08:00,1,12
style.css,534,css,00000000,Not Committed Yet,2025-11-20,21:39:08,-08:00,2025-11-20T21:39:08-08:00,1,29
style.css,535,css,00000000,Not Committed Yet,2025-11-20,21:39:08,-08:00,2025-11-20T21:39:08-08:00,0,0
style.css,536,css,00000000,Not Committed Yet,2025-11-20,21:39:08,-08:00,2025-11-20T21:39:08-08:00,0,0
style.css,537,css,00000000,Not Committed Yet,2025-11-20,21:39:08,-08:00,2025-11-20T21:39:08-08:00,0,12
style.css,538,css,00000000,Not Committed Yet,2025-11-20,21:39:08,-08:00,2025-11-20T21:39:08-08:00,1,18
style.css,539,css,00000000,Not Committed Yet,2025-11-20,21:39:08,-08:00,2025-11-20T21:39:08-08:00,1,12
style.css,540,css,00000000,Not Committed Yet,2025-11-20,21:39:08,-08:00,2025-11-20T21:39:08-08:00,1,29
style.css,541,css,00000000,Not Committed Yet,2025-11-20,21:39:08,-08:00,2025-11-20T21:39:08-08:00,0,0
style.css,542,css,00000000,Not Committed Yet,2025-11-20,21:39:08,-08:00,2025-11-20T21:39:08-08:00,0,0
style.css,543,css,00000000,Not Committed Yet,2025-11-20,21:39:08,-08:00,2025-11-20T21:39:08-08:00,0,9
style.css,544,css,00000000,Not Committed Yet,2025-11-20,21:39:08,-08:00,2025-11-20T21:39:08-08:00,1,13
style.css,545,css,00000000,Not Committed Yet,2025-11-20,21:39:08,-08:00,2025-11-20T21:39:08-08:00,0,0
style.css,546,css,00000000,Not Committed Yet,2025-11-20,21:39:08,-08:00,2025-11-20T21:39:08-08:00,0,0
style.css,547,css,00000000,Not Committed Yet,2025-11-20,21:39:08,-08:00,2025-11-20T21:39:08-08:00,0,15
style.css,548,css,00000000,Not Committed Yet,2025-11-20,21:39:08,-08:00,2025-11-20T21:39:08-08:00,1,13
style.css,549,css,00000000,Not Committed Yet,2025-11-20,21:39:08,-08:00,2025-11-20T21:39:08-08:00,1,15
style.css,550,css,00000000,Not Committed Yet,2025-11-20,21:39:08,-08:00,2025-11-20T21:39:08-08:00,1,11
style.css,551,css,00000000,Not Committed Yet,2025-11-20,21:39:08,-08:00,2025-11-20T21:39:08-08:00,0,0
style.css,552,css,00000000,Not Committed Yet,2025-11-20,21:39:08,-08:00,2025-11-20T21:39:08-08:00,0,0
style.css,553,css,00000000,Not Committed Yet,2025-11-20,21:39:08,-08:00,2025-11-20T21:39:08-08:00,0,9
style.css,554,css,00000000,Not Committed Yet,2025-11-20,21:39:08,-08:00,2025-11-20T21:39:08-08:00,1,13
style.css,555,css,00000000,Not Committed Yet,2025-11-20,21:39:08,-08:00,2025-11-20T21:39:08-08:00,1,12
style.css,556,css,00000000,Not Committed Yet,2025-11-20,21:39:08,-08:00,2025-11-20T21:39:08-08:00,1,14
style.css,557,css,00000000,Not Committed Yet,2025-11-20,21:39:08,-08:00,2025-11-20T21:39:08-08:00,1,17
style.css,558,css,00000000,Not Committed Yet,2025-11-20,21:39:08,-08:00,2025-11-20T21:39:08-08:00,1,19
style.css,559,css,00000000,Not Committed Yet,2025-11-20,21:39:08,-08:00,2025-11-20T21:39:08-08:00,1,10
style.css,560,css,00000000,Not Committed Yet,2025-11-20,21:39:08,-08:00,2025-11-20T21:39:08-08:00,1,17
style.css,561,css,00000000,Not Committed Yet,2025-11-20,21:39:08,-08:00,2025-11-20T21:39:08-08:00,1,13
style.css,562,css,00000000,Not Committed Yet,2025-11-20,21:39:08,-08:00,2025-11-20T21:39:08-08:00,0,0
style.css,563,css,00000000,Not Committed Yet,2025-11-20,21:39:08,-08:00,2025-11-20T21:39:08-08:00,0,0
style.css,564,css,00000000,Not Committed Yet,2025-11-20,21:39:08,-08:00,2025-11-20T21:39:08-08:00,0,4
style.css,565,css,00000000,Not Committed Yet,2025-11-20,21:39:08,-08:00,2025-11-20T21:39:08-08:00,1,11
style.css,566,css,00000000,Not Committed Yet,2025-11-20,21:39:08,-08:00,2025-11-20T21:39:08-08:00,1,14
style.css,567,css,00000000,Not Committed Yet,2025-11-20,21:39:08,-08:00,2025-11-20T21:39:08-08:00,1,42
style.css,568,css,00000000,Not Committed Yet,2025-11-20,21:39:08,-08:00,2025-11-20T21:39:08-08:00,1,17
style.css,569,css,00000000,Not Committed Yet,2025-11-20,21:39:08,-08:00,2025-11-20T21:39:08-08:00,0,0
style.css,570,css,00000000,Not Committed Yet,2025-11-20,21:39:08,-08:00,2025-11-20T21:39:08-08:00,0,0
style.css,571,css,00000000,Not Committed Yet,2025-11-20,21:39:08,-08:00,2025-11-20T21:39:08-08:00,0,10
style.css,572,css,00000000,Not Committed Yet,2025-11-20,21:39:08,-08:00,2025-11-20T21:39:08-08:00,1,17
style.css,573,css,00000000,Not Committed Yet,2025-11-20,21:39:08,-08:00,2025-11-20T21:39:08-08:00,1,12
style.css,574,css,00000000,Not Committed Yet,2025-11-20,21:39:08,-08:00,2025-11-20T21:39:08-08:00,1,10
style.css,575,css,00000000,Not Committed Yet,2025-11-20,21:39:08,-08:00,2025-11-20T21:39:08-08:00,0,0
style.css,576,css,00000000,Not Committed Yet,2025-11-20,21:39:08,-08:00,2025-11-20T21:39:08-08:00,0,0
style.css,577,css,00000000,Not Committed Yet,2025-11-20,21:39:08,-08:00,2025-11-20T21:39:08-08:00,0,14
style.css,578,css,00000000,Not Committed Yet,2025-11-20,21:39:08,-08:00,2025-11-20T21:39:08-08:00,1,6
style.css,579,css,00000000,Not Committed Yet,2025-11-20,21:39:08,-08:00,2025-11-20T21:39:08-08:00,0,0
style.css,580,css,00000000,Not Committed Yet,2025-11-20,21:39:08,-08:00,2025-11-20T21:39:08-08:00,0,0
style.css,581,css,00000000,Not Committed Yet,2025-11-20,21:39:08,-08:00,2025-11-20T21:39:08-08:00,0,14
style.css,582,css,00000000,Not Committed Yet,2025-11-20,21:39:08,-08:00,2025-11-20T21:39:08-08:00,1,17
style.css,583,css,00000000,Not Committed Yet,2025-11-20,21:39:08,-08:00,2025-11-20T21:39:08-08:00,0,0
style.css,584,css,00000000,Not Committed Yet,2025-11-20,21:39:08,-08:00,2025-11-20T21:39:08-08:00,0,0
style.css,585,css,00000000,Not Committed Yet,2025-11-20,21:39:08,-08:00,2025-11-20T21:39:08-08:00,0,13
style.css,586,css,00000000,Not Committed Yet,2025-11-20,21:39:08,-08:00,2025-11-20T21:39:08-08:00,1,15
style.css,587,css,00000000,Not Committed Yet,2025-11-20,21:39:08,-08:00,2025-11-20T21:39:08-08:00,1,5
style.css,588,css,00000000,Not Committed Yet,2025-11-20,21:39:08,-08:00,2025-11-20T21:39:08-08:00,1,12
style.css,589,css,00000000,Not Committed Yet,2025-11-20,21:39:08,-08:00,2025-11-20T21:39:08-08:00,0,0
style.css,590,css,00000000,Not Committed Yet,2025-11-20,21:39:08,-08:00,2025-11-20T21:39:08-08:00,0,0
style.css,591,css,00000000,Not Committed Yet,2025-11-20,21:39:08,-08:00,2025-11-20T21:39:08-08:00,0,5
style.css,592,css,00000000,Not Committed Yet,2025-11-20,21:39:08,-08:00,2025-11-20T21:39:08-08:00,1,20
style.css,593,css,00000000,Not Committed Yet,2025-11-20,21:39:08,-08:00,2025-11-20T21:39:08-08:00,1,15
style.css,594,css,00000000,Not Committed Yet,2025-11-20,21:39:08,-08:00,2025-11-20T21:39:08-08:00,0,0
style.css,595,css,00000000,Not Committed Yet,2025-11-20,21:39:08,-08:00,2025-11-20T21:39:08-08:00,0,0
style.css,596,css,00000000,Not Committed Yet,2025-11-20,21:39:08,-08:00,2025-11-20T21:39:08-08:00,0,7
style.css,597,css,00000000,Not Committed Yet,2025-11-20,21:39:08,-08:00,2025-11-20T21:39:08-08:00,1,16
style.css,598,css,00000000,Not Committed Yet,2025-11-20,21:39:08,-08:00,2025-11-20T21:39:08-08:00,1,13
style.css,599,css,00000000,Not Committed Yet,2025-11-20,21:39:08,-08:00,2025-11-20T21:39:08-08:00,0,0
style.css,600,css,00000000,Not Committed Yet,2025-11-20,21:39:08,-08:00,2025-11-20T21:39:08-08:00,0,0
style.css,601,css,00000000,Not Committed Yet,2025-11-20,21:39:08,-08:00,2025-11-20T21:39:08-08:00,0,13
style.css,602,css,00000000,Not Committed Yet,2025-11-20,21:39:08,-08:00,2025-11-20T21:39:08-08:00,1,16
style.css,603,css,00000000,Not Committed Yet,2025-11-20,21:39:08,-08:00,2025-11-20T21:39:08-08:00,1,24
style.css,604,css,00000000,Not Committed Yet,2025-11-20,21:39:08,-08:00,2025-11-20T21:39:08-08:00,1,17
style.css,605,css,00000000,Not Committed Yet,2025-11-20,21:39:08,-08:00,2025-11-20T21:39:08-08:00,1,16
style.css,606,css,00000000,Not Committed Yet,2025-11-20,21:39:08,-08:00,2025-11-20T21:39:08-08:00,1,15
style.css,607,css,00000000,Not Committed Yet,2025-11-20,21:39:08,-08:00,2025-11-20T21:39:08-08:00,0,0
style.css,608,css,00000000,Not Committed Yet,2025-11-20,21:39:08,-08:00,2025-11-20T21:39:08-08:00,0,0
style.css,609,css,00000000,Not Committed Yet,2025-11-20,21:39:08,-08:00,2025-11-20T21:39:08-08:00,0,10
style.css,610,css,00000000,Not Committed Yet,2025-11-20,21:39:08,-08:00,2025-11-20T21:39:08-08:00,1,17
style.css,611,css,00000000,Not Committed Yet,2025-11-20,21:39:08,-08:00,2025-11-20T21:39:08-08:00,1,12
style.css,612,css,00000000,Not Committed Yet,2025-11-20,21:39:08,-08:00,2025-11-20T21:39:08-08:00,1,8
style.css,613,css,00000000,Not Committed Yet,2025-11-20,21:39:08,-08:00,2025-11-20T21:39:08-08:00,0,0
style.css,614,css,00000000,Not Committed Yet,2025-11-20,21:39:08,-08:00,2025-11-20T21:39:08-08:00,0,0
style.css,615,css,00000000,Not Committed Yet,2025-11-20,21:39:08,-08:00,2025-11-20T21:39:08-08:00,0,14
style.css,616,css,00000000,Not Committed Yet,2025-11-20,21:39:08,-08:00,2025-11-20T21:39:08-08:00,1,6
style.css,617,css,00000000,Not Committed Yet,2025-11-20,21:39:08,-08:00,2025-11-20T21:39:08-08:00,0,0
style.css,618,css,00000000,Not Committed Yet,2025-11-20,21:39:08,-08:00,2025-11-20T21:39:08-08:00,0,0
style.css,619,css,00000000,Not Committed Yet,2025-11-20,21:39:08,-08:00,2025-11-20T21:39:08-08:00,0,12
style.css,620,css,00000000,Not Committed Yet,2025-11-20,21:39:08,-08:00,2025-11-20T21:39:08-08:00,1,17
style.css,621,css,00000000,Not Committed Yet,2025-11-20,21:39:08,-08:00,2025-11-20T21:39:08-08:00,0,0
style.css,622,css,00000000,Not Committed Yet,2025-11-20,21:39:08,-08:00,2025-11-20T21:39:08-08:00,0,0
style.css,623,css,00000000,Not Committed Yet,2025-11-20,21:39:08,-08:00,2025-11-20T21:39:08-08:00,0,11
style.css,624,css,00000000,Not Committed Yet,2025-11-20,21:39:08,-08:00,2025-11-20T21:39:08-08:00,1,15
style.css,625,css,00000000,Not Committed Yet,2025-11-20,21:39:08,-08:00,2025-11-20T21:39:08-08:00,1,5
style.css,626,css,00000000,Not Committed Yet,2025-11-20,21:39:08,-08:00,2025-11-20T21:39:08-08:00,1,12
style.css,627,css,00000000,Not Committed Yet,2025-11-20,21:39:08,-08:00,2025-11-20T21:39:08-08:00,1,15
style.css,628,css,00000000,Not Committed Yet,2025-11-20,21:39:08,-08:00,2025-11-20T21:39:08-08:00,0,0
index.js,1,js,39d61ec8,Gabrielle Despaigne,2025-10-25,12:48:04,-07:00,2025-10-25T12:48:04-07:00,0,71
index.js,2,js,f3095825,Gabrielle Despaigne,2025-10-25,12:37:06,-07:00,2025-10-25T12:37:06-07:00,0,0
index.js,3,js,e5ebd990,Gabrielle Despaigne,2025-10-25,12:40:11,-07:00,2025-10-25T12:40:11-07:00,0,12
index.js,4,js,39d61ec8,Gabrielle Despaigne,2025-10-25,12:48:04,-07:00,2025-10-25T12:48:04-07:00,1,16
index.js,5,js,e5ebd990,Gabrielle Despaigne,2025-10-25,12:40:11,-07:00,2025-10-25T12:40:11-07:00,1,63
index.js,6,js,e5ebd990,Gabrielle Despaigne,2025-10-25,12:40:11,-07:00,2025-10-25T12:40:11-07:00,1,42
index.js,7,js,39d61ec8,Gabrielle Despaigne,2025-10-25,12:48:04,-07:00,2025-10-25T12:48:04-07:00,1,56
index.js,8,js,39d61ec8,Gabrielle Despaigne,2025-10-25,12:48:04,-07:00,2025-10-25T12:48:04-07:00,1,18
index.js,9,js,39d61ec8,Gabrielle Despaigne,2025-10-25,12:48:04,-07:00,2025-10-25T12:48:04-07:00,2,50
index.js,10,js,39d61ec8,Gabrielle Despaigne,2025-10-25,12:48:04,-07:00,2025-10-25T12:48:04-07:00,1,0
index.js,11,js,f3095825,Gabrielle Despaigne,2025-10-25,12:37:06,-07:00,2025-10-25T12:37:06-07:00,0,0
index.js,12,js,39d61ec8,Gabrielle Despaigne,2025-10-25,12:48:04,-07:00,2025-10-25T12:48:04-07:00,1,13
index.js,13,js,5c6f940d,Gabrielle Despaigne,2025-10-25,12:54:14,-07:00,2025-10-25T12:54:14-07:00,1,60
index.js,14,js,5c6f940d,Gabrielle Despaigne,2025-10-25,12:54:14,-07:00,2025-10-25T12:54:14-07:00,1,17
index.js,15,js,39d61ec8,Gabrielle Despaigne,2025-10-25,12:48:04,-07:00,2025-10-25T12:48:04-07:00,2,3
index.js,16,js,2809bf9d,Gabrielle Despaigne,2025-10-25,12:59:33,-07:00,2025-10-25T12:59:33-07:00,3,53
index.js,17,js,bbf06b29,Gabrielle Despaigne,2025-10-25,13:04:41,-07:00,2025-10-25T13:04:41-07:00,3,22
index.js,18,js,5c6f940d,Gabrielle Despaigne,2025-10-25,12:54:14,-07:00,2025-10-25T12:54:14-07:00,0,0
index.js,19,js,5c6f940d,Gabrielle Despaigne,2025-10-25,12:54:14,-07:00,2025-10-25T12:54:14-07:00,3,38
index.js,20,js,5c6f940d,Gabrielle Despaigne,2025-10-25,12:54:14,-07:00,2025-10-25T12:54:14-07:00,4,24
index.js,21,js,bbf06b29,Gabrielle Despaigne,2025-10-25,13:04:41,-07:00,2025-10-25T13:04:41-07:00,5,16
index.js,22,js,bbf06b29,Gabrielle Despaigne,2025-10-25,13:04:41,-07:00,2025-10-25T13:04:41-07:00,6,54
index.js,23,js,bbf06b29,Gabrielle Despaigne,2025-10-25,13:04:41,-07:00,2025-10-25T13:04:41-07:00,5,4
index.js,24,js,bbf06b29,Gabrielle Despaigne,2025-10-25,13:04:41,-07:00,2025-10-25T13:04:41-07:00,5,16
index.js,25,js,bbf06b29,Gabrielle Despaigne,2025-10-25,13:04:41,-07:00,2025-10-25T13:04:41-07:00,6,54
index.js,26,js,bbf06b29,Gabrielle Despaigne,2025-10-25,13:04:41,-07:00,2025-10-25T13:04:41-07:00,5,4
index.js,27,js,bbf06b29,Gabrielle Despaigne,2025-10-25,13:04:41,-07:00,2025-10-25T13:04:41-07:00,5,16
index.js,28,js,bbf06b29,Gabrielle Despaigne,2025-10-25,13:04:41,-07:00,2025-10-25T13:04:41-07:00,6,48
index.js,29,js,bbf06b29,Gabrielle Despaigne,2025-10-25,13:04:41,-07:00,2025-10-25T13:04:41-07:00,5,4
index.js,30,js,bbf06b29,Gabrielle Despaigne,2025-10-25,13:04:41,-07:00,2025-10-25T13:04:41-07:00,5,16
index.js,31,js,bbf06b29,Gabrielle Despaigne,2025-10-25,13:04:41,-07:00,2025-10-25T13:04:41-07:00,6,48
index.js,32,js,bbf06b29,Gabrielle Despaigne,2025-10-25,13:04:41,-07:00,2025-10-25T13:04:41-07:00,5,4
index.js,33,js,39d61ec8,Gabrielle Despaigne,2025-10-25,12:48:04,-07:00,2025-10-25T12:48:04-07:00,4,0
index.js,34,js,39d61ec8,Gabrielle Despaigne,2025-10-25,12:48:04,-07:00,2025-10-25T12:48:04-07:00,3,6
index.js,35,js,5c6f940d,Gabrielle Despaigne,2025-10-25,12:54:14,-07:00,2025-10-25T12:54:14-07:00,4,66
index.js,36,js,bbf06b29,Gabrielle Despaigne,2025-10-25,13:04:41,-07:00,2025-10-25T13:04:41-07:00,3,0
index.js,37,js,bbf06b29,Gabrielle Despaigne,2025-10-25,13:04:41,-07:00,2025-10-25T13:04:41-07:00,0,0
index.js,38,js,39d61ec8,Gabrielle Despaigne,2025-10-25,12:48:04,-07:00,2025-10-25T12:48:04-07:00,2,13
index.js,39,js,39d61ec8,Gabrielle Despaigne,2025-10-25,12:48:04,-07:00,2025-10-25T12:48:04-07:00,3,17
index.js,40,js,5c6f940d,Gabrielle Despaigne,2025-10-25,12:54:14,-07:00,2025-10-25T12:54:14-07:00,3,66
index.js,41,js,39d61ec8,Gabrielle Despaigne,2025-10-25,12:48:04,-07:00,2025-10-25T12:48:04-07:00,2,0
index.js,42,js,39d61ec8,Gabrielle Despaigne,2025-10-25,12:48:04,-07:00,2025-10-25T12:48:04-07:00,1,0
index.js,43,js,e5ebd990,Gabrielle Despaigne,2025-10-25,12:40:11,-07:00,2025-10-25T12:40:11-07:00,0,3
index.js,44,js,2809bf9d,Gabrielle Despaigne,2025-10-25,12:59:33,-07:00,2025-10-25T12:59:33-07:00,0,0
index.html,1,html,9dd99218,Gabrielle Despaigne,2025-10-02,13:15:17,-07:00,2025-10-02T13:15:17-07:00,0,13
index.html,2,html,9dd99218,Gabrielle Despaigne,2025-10-02,13:15:17,-07:00,2025-10-02T13:15:17-07:00,0,14
index.html,3,html,9dd99218,Gabrielle Despaigne,2025-10-02,13:15:17,-07:00,2025-10-02T13:15:17-07:00,0,4
index.html,4,html,9dd99218,Gabrielle Despaigne,2025-10-02,13:15:17,-07:00,2025-10-02T13:15:17-07:00,2,20
index.html,5,html,9dd99218,Gabrielle Despaigne,2025-10-02,13:15:17,-07:00,2025-10-02T13:15:17-07:00,2,68
index.html,6,html,9dd99218,Gabrielle Despaigne,2025-10-02,13:15:17,-07:00,2025-10-02T13:15:17-07:00,2,61
index.html,7,html,a20aab9c,Gabrielle Despaigne,2025-10-02,14:33:42,-07:00,2025-10-02T14:33:42-07:00,2,38
index.html,8,html,6d3ba0f5,Gabrielle Despaigne,2025-10-31,13:12:39,-07:00,2025-10-31T13:12:39-07:00,2,55
index.html,9,html,6869c9f7,Gabrielle Despaigne,2025-10-25,12:19:23,-07:00,2025-10-25T12:19:23-07:00,2,56
index.html,10,html,f3095825,Gabrielle Despaigne,2025-10-25,12:37:06,-07:00,2025-10-25T12:37:06-07:00,2,50
index.html,11,html,9dd99218,Gabrielle Despaigne,2025-10-02,13:15:17,-07:00,2025-10-02T13:15:17-07:00,0,5
index.html,12,html,0b837e38,Gabrielle Despaigne,2025-10-15,20:32:01,-07:00,2025-10-15T20:32:01-07:00,0,0
index.html,13,html,9dd99218,Gabrielle Despaigne,2025-10-02,13:15:17,-07:00,2025-10-02T13:15:17-07:00,0,4
index.html,14,html,9dd99218,Gabrielle Despaigne,2025-10-02,13:15:17,-07:00,2025-10-02T13:15:17-07:00,2,26
index.html,15,html,9dd99218,Gabrielle Despaigne,2025-10-02,13:15:17,-07:00,2025-10-02T13:15:17-07:00,2,83
index.html,16,html,a20aab9c,Gabrielle Despaigne,2025-10-02,14:33:42,-07:00,2025-10-02T14:33:42-07:00,2,228
index.html,17,html,6bc24036,Gabrielle Despaigne,2025-10-31,12:13:47,-07:00,2025-10-31T12:13:47-07:00,2,80
index.html,18,html,b48d76c3,Gabrielle Despaigne,2025-10-15,20:46:46,-07:00,2025-10-15T20:46:46-07:00,0,0
index.html,19,html,b48d76c3,Gabrielle Despaigne,2025-10-15,20:46:46,-07:00,2025-10-15T20:46:46-07:00,0,0
index.html,20,html,f3095825,Gabrielle Despaigne,2025-10-25,12:37:06,-07:00,2025-10-25T12:37:06-07:00,2,22
index.html,21,html,f3095825,Gabrielle Despaigne,2025-10-25,12:37:06,-07:00,2025-10-25T12:37:06-07:00,2,20
index.html,22,html,f3095825,Gabrielle Despaigne,2025-10-25,12:37:06,-07:00,2025-10-25T12:37:06-07:00,3,49
index.html,23,html,f3095825,Gabrielle Despaigne,2025-10-25,12:37:06,-07:00,2025-10-25T12:37:06-07:00,2,4
index.html,24,html,2080f230,Gabrielle Despaigne,2025-10-25,12:44:43,-07:00,2025-10-25T12:44:43-07:00,0,0
index.html,25,html,5c6f940d,Gabrielle Despaigne,2025-10-25,12:54:14,-07:00,2025-10-25T12:54:14-07:00,2,21
index.html,26,html,7716fb0e,Gabrielle Despaigne,2025-10-25,13:09:32,-07:00,2025-10-25T13:09:32-07:00,0,48
index.html,27,html,2080f230,Gabrielle Despaigne,2025-10-25,12:44:43,-07:00,2025-10-25T12:44:43-07:00,0,0
index.html,28,html,9dd99218,Gabrielle Despaigne,2025-10-02,13:15:17,-07:00,2025-10-02T13:15:17-07:00,0,5
index.html,29,html,9dd99218,Gabrielle Despaigne,2025-10-02,13:15:17,-07:00,2025-10-02T13:15:17-07:00,0,5
global.js,1,js,3c2e26b3,Gabrielle Despaigne,2025-10-25,12:26:58,-07:00,2025-10-25T12:26:58-07:00,0,33
global.js,2,js,16fead05,Gabrielle Despaigne,2025-10-15,20:41:04,-07:00,2025-10-15T20:41:04-07:00,0,51
global.js,3,js,3c2e26b3,Gabrielle Despaigne,2025-10-25,12:26:58,-07:00,2025-10-25T12:26:58-07:00,1,54
global.js,4,js,3c2e26b3,Gabrielle Despaigne,2025-10-25,12:26:58,-07:00,2025-10-25T12:26:58-07:00,1,66
global.js,5,js,3c2e26b3,Gabrielle Despaigne,2025-10-25,12:26:58,-07:00,2025-10-25T12:26:58-07:00,1,39
global.js,6,js,6869c9f7,Gabrielle Despaigne,2025-10-25,12:19:23,-07:00,2025-10-25T12:19:23-07:00,0,0
global.js,7,js,3c2e26b3,Gabrielle Despaigne,2025-10-25,12:26:58,-07:00,2025-10-25T12:26:58-07:00,1,13
global.js,8,js,3c2e26b3,Gabrielle Despaigne,2025-10-25,12:26:58,-07:00,2025-10-25T12:26:58-07:00,2,35
global.js,9,js,3c2e26b3,Gabrielle Despaigne,2025-10-25,12:26:58,-07:00,2025-10-25T12:26:58-07:00,2,39
global.js,10,js,3c2e26b3,Gabrielle Despaigne,2025-10-25,12:26:58,-07:00,2025-10-25T12:26:58-07:00,2,37
global.js,11,js,3c2e26b3,Gabrielle Despaigne,2025-10-25,12:26:58,-07:00,2025-10-25T12:26:58-07:00,2,38
global.js,12,js,bfda85a3,Gabrielle Despaigne,2025-11-07,16:51:44,-08:00,2025-11-07T16:51:44-08:00,2,31
global.js,13,js,3c2e26b3,Gabrielle Despaigne,2025-10-25,12:26:58,-07:00,2025-10-25T12:26:58-07:00,2,56
global.js,14,js,3c2e26b3,Gabrielle Despaigne,2025-10-25,12:26:58,-07:00,2025-10-25T12:26:58-07:00,1,0
global.js,15,js,3c2e26b3,Gabrielle Despaigne,2025-10-25,12:26:58,-07:00,2025-10-25T12:26:58-07:00,0,0
global.js,16,js,3c2e26b3,Gabrielle Despaigne,2025-10-25,12:26:58,-07:00,2025-10-25T12:26:58-07:00,1,50
global.js,17,js,3c2e26b3,Gabrielle Despaigne,2025-10-25,12:26:58,-07:00,2025-10-25T12:26:58-07:00,1,12
global.js,18,js,3c2e26b3,Gabrielle Despaigne,2025-10-25,12:26:58,-07:00,2025-10-25T12:26:58-07:00,2,40
global.js,19,js,3c2e26b3,Gabrielle Despaigne,2025-10-25,12:26:58,-07:00,2025-10-25T12:26:58-07:00,2,24
global.js,20,js,3c2e26b3,Gabrielle Despaigne,2025-10-25,12:26:58,-07:00,2025-10-25T12:26:58-07:00,2,28
global.js,21,js,433d836f,Gabrielle Despaigne,2025-10-25,10:58:48,-07:00,2025-10-25T10:58:48-07:00,1,0
global.js,22,js,7ebe53d9,Gabrielle Despaigne,2025-10-25,11:02:52,-07:00,2025-10-25T11:02:52-07:00,0,0
global.js,23,js,3c2e26b3,Gabrielle Despaigne,2025-10-25,12:26:58,-07:00,2025-10-25T12:26:58-07:00,1,20
global.js,24,js,3c2e26b3,Gabrielle Despaigne,2025-10-25,12:26:58,-07:00,2025-10-25T12:26:58-07:00,1,36
global.js,25,js,3c2e26b3,Gabrielle Despaigne,2025-10-25,12:26:58,-07:00,2025-10-25T12:26:58-07:00,1,40
global.js,26,js,3c2e26b3,Gabrielle Despaigne,2025-10-25,12:26:58,-07:00,2025-10-25T12:26:58-07:00,1,40
global.js,27,js,3c2e26b3,Gabrielle Despaigne,2025-10-25,12:26:58,-07:00,2025-10-25T12:26:58-07:00,1,17
global.js,28,js,3c2e26b3,Gabrielle Despaigne,2025-10-25,12:26:58,-07:00,2025-10-25T12:26:58-07:00,0,0
global.js,29,js,3c2e26b3,Gabrielle Despaigne,2025-10-25,12:26:58,-07:00,2025-10-25T12:26:58-07:00,1,22
global.js,30,js,3c2e26b3,Gabrielle Despaigne,2025-10-25,12:26:58,-07:00,2025-10-25T12:26:58-07:00,2,36
global.js,31,js,3c2e26b3,Gabrielle Despaigne,2025-10-25,12:26:58,-07:00,2025-10-25T12:26:58-07:00,2,58
global.js,32,js,3c2e26b3,Gabrielle Despaigne,2025-10-25,12:26:58,-07:00,2025-10-25T12:26:58-07:00,2,22
global.js,33,js,3c2e26b3,Gabrielle Despaigne,2025-10-25,12:26:58,-07:00,2025-10-25T12:26:58-07:00,2,77
global.js,34,js,3c2e26b3,Gabrielle Despaigne,2025-10-25,12:26:58,-07:00,2025-10-25T12:26:58-07:00,2,12
global.js,35,js,7ebe53d9,Gabrielle Despaigne,2025-10-25,11:02:52,-07:00,2025-10-25T11:02:52-07:00,1,0
global.js,36,js,7ebe53d9,Gabrielle Despaigne,2025-10-25,11:02:52,-07:00,2025-10-25T11:02:52-07:00,0,0
global.js,37,js,3c2e26b3,Gabrielle Despaigne,2025-10-25,12:26:58,-07:00,2025-10-25T12:26:58-07:00,1,18
global.js,38,js,3c2e26b3,Gabrielle Despaigne,2025-10-25,12:26:58,-07:00,2025-10-25T12:26:58-07:00,1,28
global.js,39,js,3c2e26b3,Gabrielle Despaigne,2025-10-25,12:26:58,-07:00,2025-10-25T12:26:58-07:00,2,84
global.js,40,js,3c2e26b3,Gabrielle Despaigne,2025-10-25,12:26:58,-07:00,2025-10-25T12:26:58-07:00,2,65
global.js,41,js,3c2e26b3,Gabrielle Despaigne,2025-10-25,12:26:58,-07:00,2025-10-25T12:26:58-07:00,1,0
global.js,42,js,3c2e26b3,Gabrielle Despaigne,2025-10-25,12:26:58,-07:00,2025-10-25T12:26:58-07:00,1,40
global.js,43,js,3c2e26b3,Gabrielle Despaigne,2025-10-25,12:26:58,-07:00,2025-10-25T12:26:58-07:00,1,38
global.js,44,js,3c2e26b3,Gabrielle Despaigne,2025-10-25,12:26:58,-07:00,2025-10-25T12:26:58-07:00,2,63
global.js,45,js,3c2e26b3,Gabrielle Despaigne,2025-10-25,12:26:58,-07:00,2025-10-25T12:26:58-07:00,2,45
global.js,46,js,3c2e26b3,Gabrielle Despaigne,2025-10-25,12:26:58,-07:00,2025-10-25T12:26:58-07:00,1,1
global.js,47,js,6a83f92c,Gabrielle Despaigne,2025-10-25,12:07:27,-07:00,2025-10-25T12:07:27-07:00,0,0
global.js,48,js,3c2e26b3,Gabrielle Despaigne,2025-10-25,12:26:58,-07:00,2025-10-25T12:26:58-07:00,1,15
global.js,49,js,3c2e26b3,Gabrielle Despaigne,2025-10-25,12:26:58,-07:00,2025-10-25T12:26:58-07:00,1,43
global.js,50,js,3c2e26b3,Gabrielle Despaigne,2025-10-25,12:26:58,-07:00,2025-10-25T12:26:58-07:00,2,24
global.js,51,js,3c2e26b3,Gabrielle Despaigne,2025-10-25,12:26:58,-07:00,2025-10-25T12:26:58-07:00,3,10
global.js,52,js,3c2e26b3,Gabrielle Despaigne,2025-10-25,12:26:58,-07:00,2025-10-25T12:26:58-07:00,3,0
global.js,53,js,3c2e26b3,Gabrielle Despaigne,2025-10-25,12:26:58,-07:00,2025-10-25T12:26:58-07:00,4,26
global.js,54,js,3c2e26b3,Gabrielle Despaigne,2025-10-25,12:26:58,-07:00,2025-10-25T12:26:58-07:00,5,4
global.js,55,js,3c2e26b3,Gabrielle Despaigne,2025-10-25,12:26:58,-07:00,2025-10-25T12:26:58-07:00,5,6
global.js,56,js,3c2e26b3,Gabrielle Despaigne,2025-10-25,12:26:58,-07:00,2025-10-25T12:26:58-07:00,6,43
global.js,57,js,3c2e26b3,Gabrielle Despaigne,2025-10-25,12:26:58,-07:00,2025-10-25T12:26:58-07:00,6,34
global.js,58,js,3c2e26b3,Gabrielle Despaigne,2025-10-25,12:26:58,-07:00,2025-10-25T12:26:58-07:00,6,32
global.js,59,js,3c2e26b3,Gabrielle Despaigne,2025-10-25,12:26:58,-07:00,2025-10-25T12:26:58-07:00,5,7
global.js,60,js,3c2e26b3,Gabrielle Despaigne,2025-10-25,12:26:58,-07:00,2025-10-25T12:26:58-07:00,4,6
global.js,61,js,3c2e26b3,Gabrielle Despaigne,2025-10-25,12:26:58,-07:00,2025-10-25T12:26:58-07:00,3,0
global.js,62,js,3c2e26b3,Gabrielle Despaigne,2025-10-25,12:26:58,-07:00,2025-10-25T12:26:58-07:00,2,0
global.js,63,js,3c2e26b3,Gabrielle Despaigne,2025-10-25,12:26:58,-07:00,2025-10-25T12:26:58-07:00,1,0
global.js,64,js,3c2e26b3,Gabrielle Despaigne,2025-10-25,12:26:58,-07:00,2025-10-25T12:26:58-07:00,1,58
global.js,65,js,3c2e26b3,Gabrielle Despaigne,2025-10-25,12:26:58,-07:00,2025-10-25T12:26:58-07:00,1,28
global.js,66,js,3c2e26b3,Gabrielle Despaigne,2025-10-25,12:26:58,-07:00,2025-10-25T12:26:58-07:00,2,62
global.js,67,js,3c2e26b3,Gabrielle Despaigne,2025-10-25,12:26:58,-07:00,2025-10-25T12:26:58-07:00,2,29
global.js,68,js,3c2e26b3,Gabrielle Despaigne,2025-10-25,12:26:58,-07:00,2025-10-25T12:26:58-07:00,1,0
global.js,69,js,3c2e26b3,Gabrielle Despaigne,2025-10-25,12:26:58,-07:00,2025-10-25T12:26:58-07:00,1,29
global.js,70,js,3c2e26b3,Gabrielle Despaigne,2025-10-25,12:26:58,-07:00,2025-10-25T12:26:58-07:00,2,39
global.js,71,js,3c2e26b3,Gabrielle Despaigne,2025-10-25,12:26:58,-07:00,2025-10-25T12:26:58-07:00,2,38
global.js,72,js,3c2e26b3,Gabrielle Despaigne,2025-10-25,12:26:58,-07:00,2025-10-25T12:26:58-07:00,1,0
global.js,73,js,3c2e26b3,Gabrielle Despaigne,2025-10-25,12:26:58,-07:00,2025-10-25T12:26:58-07:00,1,68
global.js,74,js,3c2e26b3,Gabrielle Despaigne,2025-10-25,12:26:58,-07:00,2025-10-25T12:26:58-07:00,0,1
global.js,75,js,6a83f92c,Gabrielle Despaigne,2025-10-25,12:07:27,-07:00,2025-10-25T12:07:27-07:00,0,0
global.js,76,js,3c2e26b3,Gabrielle Despaigne,2025-10-25,12:26:58,-07:00,2025-10-25T12:26:58-07:00,0,11
global.js,77,js,3c2e26b3,Gabrielle Despaigne,2025-10-25,12:26:58,-07:00,2025-10-25T12:26:58-07:00,0,36
global.js,78,js,3c2e26b3,Gabrielle Despaigne,2025-10-25,12:26:58,-07:00,2025-10-25T12:26:58-07:00,1,3
global.js,79,js,3c2e26b3,Gabrielle Despaigne,2025-10-25,12:26:58,-07:00,2025-10-25T12:26:58-07:00,2,27
global.js,80,js,3c2e26b3,Gabrielle Despaigne,2025-10-25,12:26:58,-07:00,2025-10-25T12:26:58-07:00,2,12
global.js,81,js,3c2e26b3,Gabrielle Despaigne,2025-10-25,12:26:58,-07:00,2025-10-25T12:26:58-07:00,3,73
global.js,82,js,3c2e26b3,Gabrielle Despaigne,2025-10-25,12:26:58,-07:00,2025-10-25T12:26:58-07:00,2,0
global.js,83,js,3c2e26b3,Gabrielle Despaigne,2025-10-25,12:26:58,-07:00,2025-10-25T12:26:58-07:00,2,22
global.js,84,js,3c2e26b3,Gabrielle Despaigne,2025-10-25,12:26:58,-07:00,2025-10-25T12:26:58-07:00,1,13
global.js,85,js,3c2e26b3,Gabrielle Despaigne,2025-10-25,12:26:58,-07:00,2025-10-25T12:26:58-07:00,2,57
global.js,86,js,3c2e26b3,Gabrielle Despaigne,2025-10-25,12:26:58,-07:00,2025-10-25T12:26:58-07:00,2,47
global.js,87,js,3c2e26b3,Gabrielle Despaigne,2025-10-25,12:26:58,-07:00,2025-10-25T12:26:58-07:00,1,0
global.js,88,js,3c2e26b3,Gabrielle Despaigne,2025-10-25,12:26:58,-07:00,2025-10-25T12:26:58-07:00,0,0
global.js,89,js,6a83f92c,Gabrielle Despaigne,2025-10-25,12:07:27,-07:00,2025-10-25T12:07:27-07:00,0,0
global.js,90,js,3c2e26b3,Gabrielle Despaigne,2025-10-25,12:26:58,-07:00,2025-10-25T12:26:58-07:00,0,79
global.js,91,js,3c2e26b3,Gabrielle Despaigne,2025-10-25,12:26:58,-07:00,2025-10-25T12:26:58-07:00,1,28
global.js,92,js,3c2e26b3,Gabrielle Despaigne,2025-10-25,12:26:58,-07:00,2025-10-25T12:26:58-07:00,1,30
global.js,93,js,8d3d2c6f,Gabrielle Despaigne,2025-11-15,14:48:04,-08:00,2025-11-15T14:48:04-08:00,0,0
global.js,94,js,3c2e26b3,Gabrielle Despaigne,2025-10-25,12:26:58,-07:00,2025-10-25T12:26:58-07:00,1,27
global.js,95,js,3c2e26b3,Gabrielle Despaigne,2025-10-25,12:26:58,-07:00,2025-10-25T12:26:58-07:00,2,48
global.js,96,js,8d3d2c6f,Gabrielle Despaigne,2025-11-15,14:48:04,-08:00,2025-11-15T14:48:04-08:00,0,0
global.js,97,js,8d3d2c6f,Gabrielle Despaigne,2025-11-15,14:48:04,-08:00,2025-11-15T14:48:04-08:00,2,17
global.js,98,js,8d3d2c6f,Gabrielle Despaigne,2025-11-15,14:48:04,-08:00,2025-11-15T14:48:04-08:00,0,0
global.js,99,js,8d3d2c6f,Gabrielle Despaigne,2025-11-15,14:48:04,-08:00,2025-11-15T14:48:04-08:00,2,16
global.js,100,js,8d3d2c6f,Gabrielle Despaigne,2025-11-15,14:48:04,-08:00,2025-11-15T14:48:04-08:00,3,12
global.js,101,js,d63c6b76,Gabrielle Despaigne,2025-11-15,14:54:12,-08:00,2025-11-15T14:54:12-08:00,3,88
global.js,102,js,d63c6b76,Gabrielle Despaigne,2025-11-15,14:54:12,-08:00,2025-11-15T14:54:12-08:00,4,10
global.js,103,js,d63c6b76,Gabrielle Despaigne,2025-11-15,14:54:12,-08:00,2025-11-15T14:54:12-08:00,3,6
global.js,104,js,d63c6b76,Gabrielle Despaigne,2025-11-15,14:54:12,-08:00,2025-11-15T14:54:12-08:00,2,0
global.js,105,js,8d3d2c6f,Gabrielle Despaigne,2025-11-15,14:48:04,-08:00,2025-11-15T14:48:04-08:00,2,0
global.js,106,js,8d3d2c6f,Gabrielle Despaigne,2025-11-15,14:48:04,-08:00,2025-11-15T14:48:04-08:00,0,0
global.js,107,js,3c2e26b3,Gabrielle Despaigne,2025-10-25,12:26:58,-07:00,2025-10-25T12:26:58-07:00,2,19
global.js,108,js,6a83f92c,Gabrielle Despaigne,2025-10-25,12:07:27,-07:00,2025-10-25T12:07:27-07:00,3,49
global.js,109,js,6a83f92c,Gabrielle Despaigne,2025-10-25,12:07:27,-07:00,2025-10-25T12:07:27-07:00,3,49
global.js,110,js,d84d318e,Gabrielle Despaigne,2025-10-31,12:06:53,-07:00,2025-10-31T12:06:53-07:00,3,29
global.js,111,js,d84d318e,Gabrielle Despaigne,2025-10-31,12:06:53,-07:00,2025-10-31T12:06:53-07:00,4,51
global.js,112,js,e63bca6e,Gabrielle Despaigne,2025-10-31,13:55:28,-07:00,2025-10-31T13:55:28-07:00,4,27
global.js,113,js,8d3d2c6f,Gabrielle Despaigne,2025-11-15,14:48:04,-08:00,2025-11-15T14:48:04-08:00,4,10
global.js,114,js,d84d318e,Gabrielle Despaigne,2025-10-31,12:06:53,-07:00,2025-10-31T12:06:53-07:00,3,4
global.js,115,js,6a83f92c,Gabrielle Despaigne,2025-10-25,12:07:27,-07:00,2025-10-25T12:07:27-07:00,2,0
global.js,116,js,8d3d2c6f,Gabrielle Despaigne,2025-11-15,14:48:04,-08:00,2025-11-15T14:48:04-08:00,0,0
global.js,117,js,6a83f92c,Gabrielle Despaigne,2025-10-25,12:07:27,-07:00,2025-10-25T12:07:27-07:00,2,36
global.js,118,js,6a83f92c,Gabrielle Despaigne,2025-10-25,12:07:27,-07:00,2025-10-25T12:07:27-07:00,1,1
global.js,119,js,6a83f92c,Gabrielle Despaigne,2025-10-25,12:07:27,-07:00,2025-10-25T12:07:27-07:00,0,0
global.js,120,js,2080f230,Gabrielle Despaigne,2025-10-25,12:44:43,-07:00,2025-10-25T12:44:43-07:00,0,0
global.js,121,js,8d3d2c6f,Gabrielle Despaigne,2025-11-15,14:48:04,-08:00,2025-11-15T14:48:04-08:00,0,0
global.js,122,js,2080f230,Gabrielle Despaigne,2025-10-25,12:44:43,-07:00,2025-10-25T12:44:43-07:00,0,47
global.js,123,js,2080f230,Gabrielle Despaigne,2025-10-25,12:44:43,-07:00,2025-10-25T12:44:43-07:00,1,65
global.js,124,js,2080f230,Gabrielle Despaigne,2025-10-25,12:44:43,-07:00,2025-10-25T12:44:43-07:00,0,0
resume/index.html,1,html,a20aab9c,Gabrielle Despaigne,2025-10-02,14:33:42,-07:00,2025-10-02T14:33:42-07:00,0,13
resume/index.html,2,html,a20aab9c,Gabrielle Despaigne,2025-10-02,14:33:42,-07:00,2025-10-02T14:33:42-07:00,0,14
resume/index.html,3,html,a20aab9c,Gabrielle Despaigne,2025-10-02,14:33:42,-07:00,2025-10-02T14:33:42-07:00,0,4
resume/index.html,4,html,2d04c18c,Gabrielle Despaigne,2025-10-10,23:41:15,-07:00,2025-10-10T23:41:15-07:00,1,49
resume/index.html,5,html,a20aab9c,Gabrielle Despaigne,2025-10-02,14:33:42,-07:00,2025-10-02T14:33:42-07:00,2,20
resume/index.html,6,html,a20aab9c,Gabrielle Despaigne,2025-10-02,14:33:42,-07:00,2025-10-02T14:33:42-07:00,2,68
resume/index.html,7,html,a20aab9c,Gabrielle Despaigne,2025-10-02,14:33:42,-07:00,2025-10-02T14:33:42-07:00,2,19
resume/index.html,8,html,b48d76c3,Gabrielle Despaigne,2025-10-15,20:46:46,-07:00,2025-10-15T20:46:46-07:00,2,56
resume/index.html,9,html,a20aab9c,Gabrielle Despaigne,2025-10-02,14:33:42,-07:00,2025-10-02T14:33:42-07:00,0,5
resume/index.html,10,html,0b837e38,Gabrielle Despaigne,2025-10-15,20:32:01,-07:00,2025-10-15T20:32:01-07:00,0,0
resume/index.html,11,html,a20aab9c,Gabrielle Despaigne,2025-10-02,14:33:42,-07:00,2025-10-02T14:33:42-07:00,0,4
resume/index.html,12,html,b48d76c3,Gabrielle Despaigne,2025-10-15,20:46:46,-07:00,2025-10-15T20:46:46-07:00,1,10
resume/index.html,13,html,d914afc6,Gabrielle Despaigne,2025-10-10,23:59:11,-07:00,2025-10-10T23:59:11-07:00,1,19
resume/index.html,14,html,d914afc6,Gabrielle Despaigne,2025-10-10,23:59:11,-07:00,2025-10-10T23:59:11-07:00,2,13
resume/index.html,15,html,d914afc6,Gabrielle Despaigne,2025-10-10,23:59:11,-07:00,2025-10-10T23:59:11-07:00,2,29
resume/index.html,16,html,d914afc6,Gabrielle Despaigne,2025-10-10,23:59:11,-07:00,2025-10-10T23:59:11-07:00,3,26
resume/index.html,17,html,d914afc6,Gabrielle Despaigne,2025-10-10,23:59:11,-07:00,2025-10-10T23:59:11-07:00,3,22
resume/index.html,18,html,d914afc6,Gabrielle Despaigne,2025-10-10,23:59:11,-07:00,2025-10-10T23:59:11-07:00,4,13
resume/index.html,19,html,d914afc6,Gabrielle Despaigne,2025-10-10,23:59:11,-07:00,2025-10-10T23:59:11-07:00,4,62
resume/index.html,20,html,d914afc6,Gabrielle Despaigne,2025-10-10,23:59:11,-07:00,2025-10-10T23:59:11-07:00,4,63
resume/index.html,21,html,d914afc6,Gabrielle Despaigne,2025-10-10,23:59:11,-07:00,2025-10-10T23:59:11-07:00,4,48
resume/index.html,22,html,d914afc6,Gabrielle Despaigne,2025-10-10,23:59:11,-07:00,2025-10-10T23:59:11-07:00,3,2
resume/index.html,23,html,d914afc6,Gabrielle Despaigne,2025-10-10,23:59:11,-07:00,2025-10-10T23:59:11-07:00,3,218
resume/index.html,24,html,d914afc6,Gabrielle Despaigne,2025-10-10,23:59:11,-07:00,2025-10-10T23:59:11-07:00,2,7
resume/index.html,25,html,d914afc6,Gabrielle Despaigne,2025-10-10,23:59:11,-07:00,2025-10-10T23:59:11-07:00,2,18
resume/index.html,26,html,d914afc6,Gabrielle Despaigne,2025-10-10,23:59:11,-07:00,2025-10-10T23:59:11-07:00,2,28
resume/index.html,27,html,d914afc6,Gabrielle Despaigne,2025-10-10,23:59:11,-07:00,2025-10-10T23:59:11-07:00,3,14
resume/index.html,28,html,d914afc6,Gabrielle Despaigne,2025-10-10,23:59:11,-07:00,2025-10-10T23:59:11-07:00,3,29
resume/index.html,29,html,d914afc6,Gabrielle Despaigne,2025-10-10,23:59:11,-07:00,2025-10-10T23:59:11-07:00,4,13
resume/index.html,30,html,a20aab9c,Gabrielle Despaigne,2025-10-02,14:33:42,-07:00,2025-10-02T14:33:42-07:00,0,0
resume/index.html,31,html,d914afc6,Gabrielle Despaigne,2025-10-10,23:59:11,-07:00,2025-10-10T23:59:11-07:00,4,43
resume/index.html,32,html,d914afc6,Gabrielle Despaigne,2025-10-10,23:59:11,-07:00,2025-10-10T23:59:11-07:00,4,2
resume/index.html,33,html,d914afc6,Gabrielle Despaigne,2025-10-10,23:59:11,-07:00,2025-10-10T23:59:11-07:00,5,115
resume/index.html,34,html,d914afc6,Gabrielle Despaigne,2025-10-10,23:59:11,-07:00,2025-10-10T23:59:11-07:00,5,72
resume/index.html,35,html,d914afc6,Gabrielle Despaigne,2025-10-10,23:59:11,-07:00,2025-10-10T23:59:11-07:00,4,3
resume/index.html,36,html,a20aab9c,Gabrielle Despaigne,2025-10-02,14:33:42,-07:00,2025-10-02T14:33:42-07:00,0,0
resume/index.html,37,html,d914afc6,Gabrielle Despaigne,2025-10-10,23:59:11,-07:00,2025-10-10T23:59:11-07:00,4,27
resume/index.html,38,html,d914afc6,Gabrielle Despaigne,2025-10-10,23:59:11,-07:00,2025-10-10T23:59:11-07:00,4,2
resume/index.html,39,html,d914afc6,Gabrielle Despaigne,2025-10-10,23:59:11,-07:00,2025-10-10T23:59:11-07:00,5,103
resume/index.html,40,html,d914afc6,Gabrielle Despaigne,2025-10-10,23:59:11,-07:00,2025-10-10T23:59:11-07:00,5,91
resume/index.html,41,html,d914afc6,Gabrielle Despaigne,2025-10-10,23:59:11,-07:00,2025-10-10T23:59:11-07:00,4,3
resume/index.html,42,html,a20aab9c,Gabrielle Despaigne,2025-10-02,14:33:42,-07:00,2025-10-02T14:33:42-07:00,0,0
resume/index.html,43,html,d914afc6,Gabrielle Despaigne,2025-10-10,23:59:11,-07:00,2025-10-10T23:59:11-07:00,4,12
resume/index.html,44,html,d914afc6,Gabrielle Despaigne,2025-10-10,23:59:11,-07:00,2025-10-10T23:59:11-07:00,4,2
resume/index.html,45,html,d914afc6,Gabrielle Despaigne,2025-10-10,23:59:11,-07:00,2025-10-10T23:59:11-07:00,5,66
resume/index.html,46,html,d914afc6,Gabrielle Despaigne,2025-10-10,23:59:11,-07:00,2025-10-10T23:59:11-07:00,4,3
resume/index.html,47,html,a20aab9c,Gabrielle Despaigne,2025-10-02,14:33:42,-07:00,2025-10-02T14:33:42-07:00,0,0
resume/index.html,48,html,d914afc6,Gabrielle Despaigne,2025-10-10,23:59:11,-07:00,2025-10-10T23:59:11-07:00,4,16
resume/index.html,49,html,d914afc6,Gabrielle Despaigne,2025-10-10,23:59:11,-07:00,2025-10-10T23:59:11-07:00,4,112
resume/index.html,50,html,d914afc6,Gabrielle Despaigne,2025-10-10,23:59:11,-07:00,2025-10-10T23:59:11-07:00,4,146
resume/index.html,51,html,d914afc6,Gabrielle Despaigne,2025-10-10,23:59:11,-07:00,2025-10-10T23:59:11-07:00,3,6
resume/index.html,52,html,d914afc6,Gabrielle Despaigne,2025-10-10,23:59:11,-07:00,2025-10-10T23:59:11-07:00,3,18
resume/index.html,53,html,d914afc6,Gabrielle Despaigne,2025-10-10,23:59:11,-07:00,2025-10-10T23:59:11-07:00,3,28
resume/index.html,54,html,d914afc6,Gabrielle Despaigne,2025-10-10,23:59:11,-07:00,2025-10-10T23:59:11-07:00,4,17
resume/index.html,55,html,a20aab9c,Gabrielle Despaigne,2025-10-02,14:33:42,-07:00,2025-10-02T14:33:42-07:00,0,0
resume/index.html,56,html,d914afc6,Gabrielle Despaigne,2025-10-10,23:59:11,-07:00,2025-10-10T23:59:11-07:00,4,19
resume/index.html,57,html,d914afc6,Gabrielle Despaigne,2025-10-10,23:59:11,-07:00,2025-10-10T23:59:11-07:00,5,24
resume/index.html,58,html,d914afc6,Gabrielle Despaigne,2025-10-10,23:59:11,-07:00,2025-10-10T23:59:11-07:00,6,65
resume/index.html,59,html,d914afc6,Gabrielle Despaigne,2025-10-10,23:59:11,-07:00,2025-10-10T23:59:11-07:00,6,21
resume/index.html,60,html,d914afc6,Gabrielle Despaigne,2025-10-10,23:59:11,-07:00,2025-10-10T23:59:11-07:00,7,40
resume/index.html,61,html,d914afc6,Gabrielle Despaigne,2025-10-10,23:59:11,-07:00,2025-10-10T23:59:11-07:00,7,41
resume/index.html,62,html,d914afc6,Gabrielle Despaigne,2025-10-10,23:59:11,-07:00,2025-10-10T23:59:11-07:00,7,48
resume/index.html,63,html,d914afc6,Gabrielle Despaigne,2025-10-10,23:59:11,-07:00,2025-10-10T23:59:11-07:00,6,4
resume/index.html,64,html,d914afc6,Gabrielle Despaigne,2025-10-10,23:59:11,-07:00,2025-10-10T23:59:11-07:00,5,7
resume/index.html,65,html,d914afc6,Gabrielle Despaigne,2025-10-10,23:59:11,-07:00,2025-10-10T23:59:11-07:00,5,23
resume/index.html,66,html,d914afc6,Gabrielle Despaigne,2025-10-10,23:59:11,-07:00,2025-10-10T23:59:11-07:00,6,112
resume/index.html,67,html,d914afc6,Gabrielle Despaigne,2025-10-10,23:59:11,-07:00,2025-10-10T23:59:11-07:00,6,92
resume/index.html,68,html,d914afc6,Gabrielle Despaigne,2025-10-10,23:59:11,-07:00,2025-10-10T23:59:11-07:00,6,110
resume/index.html,69,html,d914afc6,Gabrielle Despaigne,2025-10-10,23:59:11,-07:00,2025-10-10T23:59:11-07:00,6,106
resume/index.html,70,html,d914afc6,Gabrielle Despaigne,2025-10-10,23:59:11,-07:00,2025-10-10T23:59:11-07:00,6,108
resume/index.html,71,html,d914afc6,Gabrielle Despaigne,2025-10-10,23:59:11,-07:00,2025-10-10T23:59:11-07:00,6,100
resume/index.html,72,html,d914afc6,Gabrielle Despaigne,2025-10-10,23:59:11,-07:00,2025-10-10T23:59:11-07:00,6,103
resume/index.html,73,html,d914afc6,Gabrielle Despaigne,2025-10-10,23:59:11,-07:00,2025-10-10T23:59:11-07:00,5,3
resume/index.html,74,html,d914afc6,Gabrielle Despaigne,2025-10-10,23:59:11,-07:00,2025-10-10T23:59:11-07:00,4,8
resume/index.html,75,html,a20aab9c,Gabrielle Despaigne,2025-10-02,14:33:42,-07:00,2025-10-02T14:33:42-07:00,0,0
resume/index.html,76,html,d914afc6,Gabrielle Despaigne,2025-10-10,23:59:11,-07:00,2025-10-10T23:59:11-07:00,4,19
resume/index.html,77,html,d914afc6,Gabrielle Despaigne,2025-10-10,23:59:11,-07:00,2025-10-10T23:59:11-07:00,5,24
resume/index.html,78,html,d914afc6,Gabrielle Despaigne,2025-10-10,23:59:11,-07:00,2025-10-10T23:59:11-07:00,6,65
resume/index.html,79,html,d914afc6,Gabrielle Despaigne,2025-10-10,23:59:11,-07:00,2025-10-10T23:59:11-07:00,6,21
resume/index.html,80,html,d914afc6,Gabrielle Despaigne,2025-10-10,23:59:11,-07:00,2025-10-10T23:59:11-07:00,7,41
resume/index.html,81,html,d914afc6,Gabrielle Despaigne,2025-10-10,23:59:11,-07:00,2025-10-10T23:59:11-07:00,7,41
resume/index.html,82,html,d914afc6,Gabrielle Despaigne,2025-10-10,23:59:11,-07:00,2025-10-10T23:59:11-07:00,7,49
resume/index.html,83,html,d914afc6,Gabrielle Despaigne,2025-10-10,23:59:11,-07:00,2025-10-10T23:59:11-07:00,6,4
resume/index.html,84,html,d914afc6,Gabrielle Despaigne,2025-10-10,23:59:11,-07:00,2025-10-10T23:59:11-07:00,5,7
resume/index.html,85,html,d914afc6,Gabrielle Despaigne,2025-10-10,23:59:11,-07:00,2025-10-10T23:59:11-07:00,5,23
resume/index.html,86,html,d914afc6,Gabrielle Despaigne,2025-10-10,23:59:11,-07:00,2025-10-10T23:59:11-07:00,6,105
resume/index.html,87,html,d914afc6,Gabrielle Despaigne,2025-10-10,23:59:11,-07:00,2025-10-10T23:59:11-07:00,6,107
resume/index.html,88,html,d914afc6,Gabrielle Despaigne,2025-10-10,23:59:11,-07:00,2025-10-10T23:59:11-07:00,6,83
resume/index.html,89,html,d914afc6,Gabrielle Despaigne,2025-10-10,23:59:11,-07:00,2025-10-10T23:59:11-07:00,6,97
resume/index.html,90,html,d914afc6,Gabrielle Despaigne,2025-10-10,23:59:11,-07:00,2025-10-10T23:59:11-07:00,6,82
resume/index.html,91,html,d914afc6,Gabrielle Despaigne,2025-10-10,23:59:11,-07:00,2025-10-10T23:59:11-07:00,5,3
resume/index.html,92,html,d914afc6,Gabrielle Despaigne,2025-10-10,23:59:11,-07:00,2025-10-10T23:59:11-07:00,4,8
resume/index.html,93,html,a20aab9c,Gabrielle Despaigne,2025-10-02,14:33:42,-07:00,2025-10-02T14:33:42-07:00,0,0
resume/index.html,94,html,d914afc6,Gabrielle Despaigne,2025-10-10,23:59:11,-07:00,2025-10-10T23:59:11-07:00,4,19
resume/index.html,95,html,d914afc6,Gabrielle Despaigne,2025-10-10,23:59:11,-07:00,2025-10-10T23:59:11-07:00,5,24
resume/index.html,96,html,d914afc6,Gabrielle Despaigne,2025-10-10,23:59:11,-07:00,2025-10-10T23:59:11-07:00,6,59
resume/index.html,97,html,d914afc6,Gabrielle Despaigne,2025-10-10,23:59:11,-07:00,2025-10-10T23:59:11-07:00,6,21
resume/index.html,98,html,d914afc6,Gabrielle Despaigne,2025-10-10,23:59:11,-07:00,2025-10-10T23:59:11-07:00,7,37
resume/index.html,99,html,d914afc6,Gabrielle Despaigne,2025-10-10,23:59:11,-07:00,2025-10-10T23:59:11-07:00,7,41
resume/index.html,100,html,d914afc6,Gabrielle Despaigne,2025-10-10,23:59:11,-07:00,2025-10-10T23:59:11-07:00,7,49
resume/index.html,101,html,d914afc6,Gabrielle Despaigne,2025-10-10,23:59:11,-07:00,2025-10-10T23:59:11-07:00,6,4
resume/index.html,102,html,d914afc6,Gabrielle Despaigne,2025-10-10,23:59:11,-07:00,2025-10-10T23:59:11-07:00,5,7
resume/index.html,103,html,d914afc6,Gabrielle Despaigne,2025-10-10,23:59:11,-07:00,2025-10-10T23:59:11-07:00,5,23
resume/index.html,104,html,d914afc6,Gabrielle Despaigne,2025-10-10,23:59:11,-07:00,2025-10-10T23:59:11-07:00,6,98
resume/index.html,105,html,d914afc6,Gabrielle Despaigne,2025-10-10,23:59:11,-07:00,2025-10-10T23:59:11-07:00,6,79
resume/index.html,106,html,d914afc6,Gabrielle Despaigne,2025-10-10,23:59:11,-07:00,2025-10-10T23:59:11-07:00,6,86
resume/index.html,107,html,d914afc6,Gabrielle Despaigne,2025-10-10,23:59:11,-07:00,2025-10-10T23:59:11-07:00,5,3
resume/index.html,108,html,d914afc6,Gabrielle Despaigne,2025-10-10,23:59:11,-07:00,2025-10-10T23:59:11-07:00,4,8
resume/index.html,109,html,a20aab9c,Gabrielle Despaigne,2025-10-02,14:33:42,-07:00,2025-10-02T14:33:42-07:00,0,0
resume/index.html,110,html,d914afc6,Gabrielle Despaigne,2025-10-10,23:59:11,-07:00,2025-10-10T23:59:11-07:00,4,19
resume/index.html,111,html,d914afc6,Gabrielle Despaigne,2025-10-10,23:59:11,-07:00,2025-10-10T23:59:11-07:00,5,24
resume/index.html,112,html,d914afc6,Gabrielle Despaigne,2025-10-10,23:59:11,-07:00,2025-10-10T23:59:11-07:00,6,36
resume/index.html,113,html,d914afc6,Gabrielle Despaigne,2025-10-10,23:59:11,-07:00,2025-10-10T23:59:11-07:00,6,21
resume/index.html,114,html,d914afc6,Gabrielle Despaigne,2025-10-10,23:59:11,-07:00,2025-10-10T23:59:11-07:00,7,49
resume/index.html,115,html,d914afc6,Gabrielle Despaigne,2025-10-10,23:59:11,-07:00,2025-10-10T23:59:11-07:00,7,42
resume/index.html,116,html,d914afc6,Gabrielle Despaigne,2025-10-10,23:59:11,-07:00,2025-10-10T23:59:11-07:00,7,49
resume/index.html,117,html,d914afc6,Gabrielle Despaigne,2025-10-10,23:59:11,-07:00,2025-10-10T23:59:11-07:00,6,4
resume/index.html,118,html,d914afc6,Gabrielle Despaigne,2025-10-10,23:59:11,-07:00,2025-10-10T23:59:11-07:00,5,7
resume/index.html,119,html,d914afc6,Gabrielle Despaigne,2025-10-10,23:59:11,-07:00,2025-10-10T23:59:11-07:00,5,23
resume/index.html,120,html,d914afc6,Gabrielle Despaigne,2025-10-10,23:59:11,-07:00,2025-10-10T23:59:11-07:00,6,104
resume/index.html,121,html,d914afc6,Gabrielle Despaigne,2025-10-10,23:59:11,-07:00,2025-10-10T23:59:11-07:00,6,104
resume/index.html,122,html,d914afc6,Gabrielle Despaigne,2025-10-10,23:59:11,-07:00,2025-10-10T23:59:11-07:00,6,94
resume/index.html,123,html,d914afc6,Gabrielle Despaigne,2025-10-10,23:59:11,-07:00,2025-10-10T23:59:11-07:00,5,3
resume/index.html,124,html,d914afc6,Gabrielle Despaigne,2025-10-10,23:59:11,-07:00,2025-10-10T23:59:11-07:00,4,8
resume/index.html,125,html,f40fa5b9,Gabrielle Despaigne,2025-10-11,00:32:34,-07:00,2025-10-11T00:32:34-07:00,4,0
resume/index.html,126,html,d914afc6,Gabrielle Despaigne,2025-10-10,23:59:11,-07:00,2025-10-10T23:59:11-07:00,4,32
resume/index.html,127,html,d914afc6,Gabrielle Despaigne,2025-10-10,23:59:11,-07:00,2025-10-10T23:59:11-07:00,4,2
resume/index.html,128,html,d914afc6,Gabrielle Despaigne,2025-10-10,23:59:11,-07:00,2025-10-10T23:59:11-07:00,5,103
resume/index.html,129,html,d914afc6,Gabrielle Despaigne,2025-10-10,23:59:11,-07:00,2025-10-10T23:59:11-07:00,5,105
resume/index.html,130,html,d914afc6,Gabrielle Despaigne,2025-10-10,23:59:11,-07:00,2025-10-10T23:59:11-07:00,5,106
resume/index.html,131,html,d914afc6,Gabrielle Despaigne,2025-10-10,23:59:11,-07:00,2025-10-10T23:59:11-07:00,4,3
resume/index.html,132,html,d914afc6,Gabrielle Despaigne,2025-10-10,23:59:11,-07:00,2025-10-10T23:59:11-07:00,3,8
resume/index.html,133,html,d914afc6,Gabrielle Despaigne,2025-10-10,23:59:11,-07:00,2025-10-10T23:59:11-07:00,2,8
resume/index.html,134,html,d914afc6,Gabrielle Despaigne,2025-10-10,23:59:11,-07:00,2025-10-10T23:59:11-07:00,1,5
resume/index.html,135,html,a20aab9c,Gabrielle Despaigne,2025-10-02,14:33:42,-07:00,2025-10-02T14:33:42-07:00,0,5
resume/index.html,136,html,a20aab9c,Gabrielle Despaigne,2025-10-02,14:33:42,-07:00,2025-10-02T14:33:42-07:00,0,5
projects/projects.js,1,js,10368706,Gabrielle Despaigne,2025-10-31,13:44:43,-07:00,2025-10-31T13:44:43-07:00,0,59
projects/projects.js,2,js,c9caff66,Gabrielle Despaigne,2025-10-31,14:03:06,-07:00,2025-10-31T14:03:06-07:00,0,63
projects/projects.js,3,js,6a83f92c,Gabrielle Despaigne,2025-10-25,12:07:27,-07:00,2025-10-25T12:07:27-07:00,0,0
projects/projects.js,4,js,354432c7,Gabrielle Despaigne,2025-11-01,02:16:58,-07:00,2025-11-01T02:16:58-07:00,0,12
projects/projects.js,5,js,354432c7,Gabrielle Despaigne,2025-11-01,02:16:58,-07:00,2025-11-01T02:16:58-07:00,0,12
projects/projects.js,6,js,354432c7,Gabrielle Despaigne,2025-11-01,02:16:58,-07:00,2025-11-01T02:16:58-07:00,0,29
projects/projects.js,7,js,48b8df15,Gabrielle Despaigne,2025-11-01,02:01:35,-07:00,2025-11-01T02:01:35-07:00,0,0
projects/projects.js,8,js,0f228a49,Gabrielle Despaigne,2025-11-01,02:06:13,-07:00,2025-11-01T02:06:13-07:00,0,25
projects/projects.js,9,js,0f228a49,Gabrielle Despaigne,2025-11-01,02:06:13,-07:00,2025-11-01T02:06:13-07:00,1,21
projects/projects.js,10,js,0f228a49,Gabrielle Despaigne,2025-11-01,02:06:13,-07:00,2025-11-01T02:06:13-07:00,1,19
projects/projects.js,11,js,0f228a49,Gabrielle Despaigne,2025-11-01,02:06:13,-07:00,2025-11-01T02:06:13-07:00,2,27
projects/projects.js,12,js,0f228a49,Gabrielle Despaigne,2025-11-01,02:06:13,-07:00,2025-11-01T02:06:13-07:00,2,38
projects/projects.js,13,js,0f228a49,Gabrielle Despaigne,2025-11-01,02:06:13,-07:00,2025-11-01T02:06:13-07:00,1,0
projects/projects.js,14,js,0f228a49,Gabrielle Despaigne,2025-11-01,02:06:13,-07:00,2025-11-01T02:06:13-07:00,1,57
projects/projects.js,15,js,0f228a49,Gabrielle Despaigne,2025-11-01,02:06:13,-07:00,2025-11-01T02:06:13-07:00,2,39
projects/projects.js,16,js,0f228a49,Gabrielle Despaigne,2025-11-01,02:06:13,-07:00,2025-11-01T02:06:13-07:00,2,39
projects/projects.js,17,js,0f228a49,Gabrielle Despaigne,2025-11-01,02:06:13,-07:00,2025-11-01T02:06:13-07:00,2,26
projects/projects.js,18,js,0f228a49,Gabrielle Despaigne,2025-11-01,02:06:13,-07:00,2025-11-01T02:06:13-07:00,1,1
projects/projects.js,19,js,0f228a49,Gabrielle Despaigne,2025-11-01,02:06:13,-07:00,2025-11-01T02:06:13-07:00,1,57
projects/projects.js,20,js,0f228a49,Gabrielle Despaigne,2025-11-01,02:06:13,-07:00,2025-11-01T02:06:13-07:00,0,0
projects/projects.js,21,js,0f228a49,Gabrielle Despaigne,2025-11-01,02:06:13,-07:00,2025-11-01T02:06:13-07:00,0,0
projects/projects.js,22,js,354432c7,Gabrielle Despaigne,2025-11-01,02:16:58,-07:00,2025-11-01T02:16:58-07:00,0,57
projects/projects.js,23,js,354432c7,Gabrielle Despaigne,2025-11-01,02:16:58,-07:00,2025-11-01T02:16:58-07:00,0,0
projects/projects.js,24,js,354432c7,Gabrielle Despaigne,2025-11-01,02:16:58,-07:00,2025-11-01T02:16:58-07:00,0,24
projects/projects.js,25,js,354432c7,Gabrielle Despaigne,2025-11-01,02:16:58,-07:00,2025-11-01T02:16:58-07:00,1,55
projects/projects.js,26,js,354432c7,Gabrielle Despaigne,2025-11-01,02:16:58,-07:00,2025-11-01T02:16:58-07:00,1,21
projects/projects.js,27,js,354432c7,Gabrielle Despaigne,2025-11-01,02:16:58,-07:00,2025-11-01T02:16:58-07:00,0,0
projects/projects.js,28,js,354432c7,Gabrielle Despaigne,2025-11-01,02:16:58,-07:00,2025-11-01T02:16:58-07:00,1,35
projects/projects.js,29,js,354432c7,Gabrielle Despaigne,2025-11-01,02:16:58,-07:00,2025-11-01T02:16:58-07:00,1,31
projects/projects.js,30,js,354432c7,Gabrielle Despaigne,2025-11-01,02:16:58,-07:00,2025-11-01T02:16:58-07:00,2,27
projects/projects.js,31,js,354432c7,Gabrielle Despaigne,2025-11-01,02:16:58,-07:00,2025-11-01T02:16:58-07:00,2,66
projects/projects.js,32,js,354432c7,Gabrielle Despaigne,2025-11-01,02:16:58,-07:00,2025-11-01T02:16:58-07:00,2,21
projects/projects.js,33,js,354432c7,Gabrielle Despaigne,2025-11-01,02:16:58,-07:00,2025-11-01T02:16:58-07:00,2,40
projects/projects.js,34,js,354432c7,Gabrielle Despaigne,2025-11-01,02:16:58,-07:00,2025-11-01T02:16:58-07:00,2,46
projects/projects.js,35,js,354432c7,Gabrielle Despaigne,2025-11-01,02:16:58,-07:00,2025-11-01T02:16:58-07:00,2,39
projects/projects.js,36,js,354432c7,Gabrielle Despaigne,2025-11-01,02:16:58,-07:00,2025-11-01T02:16:58-07:00,2,70
projects/projects.js,37,js,354432c7,Gabrielle Despaigne,2025-11-01,02:16:58,-07:00,2025-11-01T02:16:58-07:00,1,1
projects/projects.js,38,js,354432c7,Gabrielle Despaigne,2025-11-01,02:16:58,-07:00,2025-11-01T02:16:58-07:00,0,0
projects/projects.js,39,js,354432c7,Gabrielle Despaigne,2025-11-01,02:16:58,-07:00,2025-11-01T02:16:58-07:00,1,40
projects/projects.js,40,js,354432c7,Gabrielle Despaigne,2025-11-01,02:16:58,-07:00,2025-11-01T02:16:58-07:00,0,0
projects/projects.js,41,js,354432c7,Gabrielle Despaigne,2025-11-01,02:16:58,-07:00,2025-11-01T02:16:58-07:00,1,78
projects/projects.js,42,js,354432c7,Gabrielle Despaigne,2025-11-01,02:16:58,-07:00,2025-11-01T02:16:58-07:00,1,65
projects/projects.js,43,js,354432c7,Gabrielle Despaigne,2025-11-01,02:16:58,-07:00,2025-11-01T02:16:58-07:00,0,0
projects/projects.js,44,js,354432c7,Gabrielle Despaigne,2025-11-01,02:16:58,-07:00,2025-11-01T02:16:58-07:00,1,34
projects/projects.js,45,js,354432c7,Gabrielle Despaigne,2025-11-01,02:16:58,-07:00,2025-11-01T02:16:58-07:00,1,53
projects/projects.js,46,js,b4f212fb,Gabrielle Despaigne,2025-11-15,14:42:03,-08:00,2025-11-15T14:42:03-08:00,1,0
projects/projects.js,47,js,354432c7,Gabrielle Despaigne,2025-11-01,02:16:58,-07:00,2025-11-01T02:16:58-07:00,0,0
projects/projects.js,48,js,354432c7,Gabrielle Despaigne,2025-11-01,02:16:58,-07:00,2025-11-01T02:16:58-07:00,0,0
projects/projects.js,49,js,354432c7,Gabrielle Despaigne,2025-11-01,02:16:58,-07:00,2025-11-01T02:16:58-07:00,0,49
projects/projects.js,50,js,48b8df15,Gabrielle Despaigne,2025-11-01,02:01:35,-07:00,2025-11-01T02:01:35-07:00,1,28
projects/projects.js,51,js,63e728a4,Gabrielle Despaigne,2025-11-01,01:46:03,-07:00,2025-11-01T01:46:03-07:00,1,22
projects/projects.js,52,js,d55fb9b4,Gabrielle Despaigne,2025-10-31,14:11:52,-07:00,2025-10-31T14:11:52-07:00,0,0
projects/projects.js,53,js,48b8df15,Gabrielle Despaigne,2025-11-01,02:01:35,-07:00,2025-11-01T02:01:35-07:00,1,19
projects/projects.js,54,js,48b8df15,Gabrielle Despaigne,2025-11-01,02:01:35,-07:00,2025-11-01T02:01:35-07:00,1,37
projects/projects.js,55,js,a85930bc,Gabrielle Despaigne,2025-10-31,13:58:55,-07:00,2025-10-31T13:58:55-07:00,1,26
projects/projects.js,56,js,10368706,Gabrielle Despaigne,2025-10-31,13:44:43,-07:00,2025-10-31T13:44:43-07:00,0,0
projects/projects.js,57,js,48b8df15,Gabrielle Despaigne,2025-11-01,02:01:35,-07:00,2025-11-01T02:01:35-07:00,1,48
projects/projects.js,58,js,48b8df15,Gabrielle Despaigne,2025-11-01,02:01:35,-07:00,2025-11-01T02:01:35-07:00,1,49
projects/projects.js,59,js,354432c7,Gabrielle Despaigne,2025-11-01,02:16:58,-07:00,2025-11-01T02:16:58-07:00,1,22
projects/projects.js,60,js,c9caff66,Gabrielle Despaigne,2025-10-31,14:03:06,-07:00,2025-10-31T14:03:06-07:00,0,0
projects/projects.js,61,js,354432c7,Gabrielle Despaigne,2025-11-01,02:16:58,-07:00,2025-11-01T02:16:58-07:00,1,67
projects/projects.js,62,js,106b20dd,Gabrielle Despaigne,2025-10-31,13:50:34,-07:00,2025-10-31T13:50:34-07:00,0,0
projects/projects.js,63,js,48b8df15,Gabrielle Despaigne,2025-11-01,02:01:35,-07:00,2025-11-01T02:01:35-07:00,1,38
projects/projects.js,64,js,48b8df15,Gabrielle Despaigne,2025-11-01,02:01:35,-07:00,2025-11-01T02:01:35-07:00,2,28
projects/projects.js,65,js,10368706,Gabrielle Despaigne,2025-10-31,13:44:43,-07:00,2025-10-31T13:44:43-07:00,2,11
projects/projects.js,66,js,10368706,Gabrielle Despaigne,2025-10-31,13:44:43,-07:00,2025-10-31T13:44:43-07:00,3,21
projects/projects.js,67,js,10368706,Gabrielle Despaigne,2025-10-31,13:44:43,-07:00,2025-10-31T13:44:43-07:00,3,13
projects/projects.js,68,js,a85930bc,Gabrielle Despaigne,2025-10-31,13:58:55,-07:00,2025-10-31T13:58:55-07:00,3,38
projects/projects.js,69,js,10368706,Gabrielle Despaigne,2025-10-31,13:44:43,-07:00,2025-10-31T13:44:43-07:00,3,22
projects/projects.js,70,js,48b8df15,Gabrielle Despaigne,2025-11-01,02:01:35,-07:00,2025-11-01T02:01:35-07:00,3,22
projects/projects.js,71,js,354432c7,Gabrielle Despaigne,2025-11-01,02:16:58,-07:00,2025-11-01T02:16:58-07:00,3,62
projects/projects.js,72,js,354432c7,Gabrielle Despaigne,2025-11-01,02:16:58,-07:00,2025-11-01T02:16:58-07:00,3,96
projects/projects.js,73,js,354432c7,Gabrielle Despaigne,2025-11-01,02:16:58,-07:00,2025-11-01T02:16:58-07:00,3,33
projects/projects.js,74,js,354432c7,Gabrielle Despaigne,2025-11-01,02:16:58,-07:00,2025-11-01T02:16:58-07:00,4,71
projects/projects.js,75,js,354432c7,Gabrielle Despaigne,2025-11-01,02:16:58,-07:00,2025-11-01T02:16:58-07:00,4,37
projects/projects.js,76,js,354432c7,Gabrielle Despaigne,2025-11-01,02:16:58,-07:00,2025-11-01T02:16:58-07:00,5,58
projects/projects.js,77,js,354432c7,Gabrielle Despaigne,2025-11-01,02:16:58,-07:00,2025-11-01T02:16:58-07:00,3,0
projects/projects.js,78,js,354432c7,Gabrielle Despaigne,2025-11-01,02:16:58,-07:00,2025-11-01T02:16:58-07:00,3,29
projects/projects.js,79,js,354432c7,Gabrielle Despaigne,2025-11-01,02:16:58,-07:00,2025-11-01T02:16:58-07:00,4,62
projects/projects.js,80,js,354432c7,Gabrielle Despaigne,2025-11-01,02:16:58,-07:00,2025-11-01T02:16:58-07:00,4,102
projects/projects.js,81,js,354432c7,Gabrielle Despaigne,2025-11-01,02:16:58,-07:00,2025-11-01T02:16:58-07:00,7,23
projects/projects.js,82,js,354432c7,Gabrielle Despaigne,2025-11-01,02:16:58,-07:00,2025-11-01T02:16:58-07:00,3,0
projects/projects.js,83,js,354432c7,Gabrielle Despaigne,2025-11-01,02:16:58,-07:00,2025-11-01T02:16:58-07:00,3,22
projects/projects.js,84,js,354432c7,Gabrielle Despaigne,2025-11-01,02:16:58,-07:00,2025-11-01T02:16:58-07:00,4,19
projects/projects.js,85,js,354432c7,Gabrielle Despaigne,2025-11-01,02:16:58,-07:00,2025-11-01T02:16:58-07:00,4,26
projects/projects.js,86,js,354432c7,Gabrielle Despaigne,2025-11-01,02:16:58,-07:00,2025-11-01T02:16:58-07:00,5,23
projects/projects.js,87,js,354432c7,Gabrielle Despaigne,2025-11-01,02:16:58,-07:00,2025-11-01T02:16:58-07:00,4,6
projects/projects.js,88,js,354432c7,Gabrielle Despaigne,2025-11-01,02:16:58,-07:00,2025-11-01T02:16:58-07:00,5,20
projects/projects.js,89,js,354432c7,Gabrielle Despaigne,2025-11-01,02:16:58,-07:00,2025-11-01T02:16:58-07:00,4,0
projects/projects.js,90,js,354432c7,Gabrielle Despaigne,2025-11-01,02:16:58,-07:00,2025-11-01T02:16:58-07:00,4,13
projects/projects.js,91,js,354432c7,Gabrielle Despaigne,2025-11-01,02:16:58,-07:00,2025-11-01T02:16:58-07:00,3,1
projects/projects.js,92,js,10368706,Gabrielle Despaigne,2025-10-31,13:44:43,-07:00,2025-10-31T13:44:43-07:00,0,0
projects/projects.js,93,js,48b8df15,Gabrielle Despaigne,2025-11-01,02:01:35,-07:00,2025-11-01T02:01:35-07:00,1,36
projects/projects.js,94,js,a85930bc,Gabrielle Despaigne,2025-10-31,13:58:55,-07:00,2025-10-31T13:58:55-07:00,1,24
projects/projects.js,95,js,354432c7,Gabrielle Despaigne,2025-11-01,02:16:58,-07:00,2025-11-01T02:16:58-07:00,2,61
projects/projects.js,96,js,48b8df15,Gabrielle Despaigne,2025-11-01,02:01:35,-07:00,2025-11-01T02:01:35-07:00,2,33
projects/projects.js,97,js,354432c7,Gabrielle Despaigne,2025-11-01,02:16:58,-07:00,2025-11-01T02:16:58-07:00,3,24
projects/projects.js,98,js,a85930bc,Gabrielle Despaigne,2025-10-31,13:58:55,-07:00,2025-10-31T13:58:55-07:00,3,9
projects/projects.js,99,js,48b8df15,Gabrielle Despaigne,2025-11-01,02:01:35,-07:00,2025-11-01T02:01:35-07:00,4,63
projects/projects.js,100,js,354432c7,Gabrielle Despaigne,2025-11-01,02:16:58,-07:00,2025-11-01T02:16:58-07:00,4,75
projects/projects.js,101,js,354432c7,Gabrielle Despaigne,2025-11-01,02:16:58,-07:00,2025-11-01T02:16:58-07:00,4,82
projects/projects.js,102,js,354432c7,Gabrielle Despaigne,2025-11-01,02:16:58,-07:00,2025-11-01T02:16:58-07:00,4,27
projects/projects.js,103,js,354432c7,Gabrielle Despaigne,2025-11-01,02:16:58,-07:00,2025-11-01T02:16:58-07:00,5,60
projects/projects.js,104,js,354432c7,Gabrielle Despaigne,2025-11-01,02:16:58,-07:00,2025-11-01T02:16:58-07:00,4,0
projects/projects.js,105,js,354432c7,Gabrielle Despaigne,2025-11-01,02:16:58,-07:00,2025-11-01T02:16:58-07:00,4,23
projects/projects.js,106,js,354432c7,Gabrielle Despaigne,2025-11-01,02:16:58,-07:00,2025-11-01T02:16:58-07:00,5,103
projects/projects.js,107,js,354432c7,Gabrielle Despaigne,2025-11-01,02:16:58,-07:00,2025-11-01T02:16:58-07:00,4,0
projects/projects.js,108,js,354432c7,Gabrielle Despaigne,2025-11-01,02:16:58,-07:00,2025-11-01T02:16:58-07:00,4,22
projects/projects.js,109,js,354432c7,Gabrielle Despaigne,2025-11-01,02:16:58,-07:00,2025-11-01T02:16:58-07:00,5,50
projects/projects.js,110,js,354432c7,Gabrielle Despaigne,2025-11-01,02:16:58,-07:00,2025-11-01T02:16:58-07:00,5,25
projects/projects.js,111,js,354432c7,Gabrielle Despaigne,2025-11-01,02:16:58,-07:00,2025-11-01T02:16:58-07:00,5,13
projects/projects.js,112,js,354432c7,Gabrielle Despaigne,2025-11-01,02:16:58,-07:00,2025-11-01T02:16:58-07:00,4,1
projects/projects.js,113,js,a85930bc,Gabrielle Despaigne,2025-10-31,13:58:55,-07:00,2025-10-31T13:58:55-07:00,1,0
projects/projects.js,114,js,48b8df15,Gabrielle Despaigne,2025-11-01,02:01:35,-07:00,2025-11-01T02:01:35-07:00,0,0
projects/projects.js,115,js,756fce64,Gabrielle Despaigne,2025-11-01,01:56:29,-07:00,2025-11-01T01:56:29-07:00,0,0
projects/projects.js,116,js,756fce64,Gabrielle Despaigne,2025-11-01,01:56:29,-07:00,2025-11-01T01:56:29-07:00,0,12
projects/projects.js,117,js,48b8df15,Gabrielle Despaigne,2025-11-01,02:01:35,-07:00,2025-11-01T02:01:35-07:00,1,55
projects/projects.js,118,js,756fce64,Gabrielle Despaigne,2025-11-01,01:56:29,-07:00,2025-11-01T01:56:29-07:00,1,21
projects/projects.js,119,js,756fce64,Gabrielle Despaigne,2025-11-01,01:56:29,-07:00,2025-11-01T01:56:29-07:00,0,0
projects/projects.js,120,js,756fce64,Gabrielle Despaigne,2025-11-01,01:56:29,-07:00,2025-11-01T01:56:29-07:00,1,3
projects/projects.js,121,js,354432c7,Gabrielle Despaigne,2025-11-01,02:16:58,-07:00,2025-11-01T02:16:58-07:00,2,45
projects/projects.js,122,js,756fce64,Gabrielle Despaigne,2025-11-01,01:56:29,-07:00,2025-11-01T01:56:29-07:00,1,11
projects/projects.js,123,js,354432c7,Gabrielle Despaigne,2025-11-01,02:16:58,-07:00,2025-11-01T02:16:58-07:00,2,8
projects/projects.js,124,js,756fce64,Gabrielle Despaigne,2025-11-01,01:56:29,-07:00,2025-11-01T01:56:29-07:00,1,0
projects/projects.js,125,js,756fce64,Gabrielle Despaigne,2025-11-01,01:56:29,-07:00,2025-11-01T01:56:29-07:00,0,0
projects/projects.js,126,js,354432c7,Gabrielle Despaigne,2025-11-01,02:16:58,-07:00,2025-11-01T02:16:58-07:00,1,36
projects/projects.js,127,js,756fce64,Gabrielle Despaigne,2025-11-01,01:56:29,-07:00,2025-11-01T01:56:29-07:00,0,0
projects/projects.js,128,js,48b8df15,Gabrielle Despaigne,2025-11-01,02:01:35,-07:00,2025-11-01T02:01:35-07:00,1,78
projects/projects.js,129,js,354432c7,Gabrielle Despaigne,2025-11-01,02:16:58,-07:00,2025-11-01T02:16:58-07:00,1,61
projects/projects.js,130,js,756fce64,Gabrielle Despaigne,2025-11-01,01:56:29,-07:00,2025-11-01T01:56:29-07:00,0,0
projects/projects.js,131,js,354432c7,Gabrielle Despaigne,2025-11-01,02:16:58,-07:00,2025-11-01T02:16:58-07:00,1,13
projects/projects.js,132,js,0f228a49,Gabrielle Despaigne,2025-11-01,02:06:13,-07:00,2025-11-01T02:06:13-07:00,0,0
projects/projects.js,133,js,33278bac,Gabrielle Despaigne,2025-11-01,02:11:32,-07:00,2025-11-01T02:11:32-07:00,1,108
projects/projects.js,134,js,0f228a49,Gabrielle Despaigne,2025-11-01,02:06:13,-07:00,2025-11-01T02:06:13-07:00,1,16
projects/projects.js,135,js,0f228a49,Gabrielle Despaigne,2025-11-01,02:06:13,-07:00,2025-11-01T02:06:13-07:00,2,42
projects/projects.js,136,js,354432c7,Gabrielle Despaigne,2025-11-01,02:16:58,-07:00,2025-11-01T02:16:58-07:00,3,26
projects/projects.js,137,js,354432c7,Gabrielle Despaigne,2025-11-01,02:16:58,-07:00,2025-11-01T02:16:58-07:00,3,13
projects/projects.js,138,js,756fce64,Gabrielle Despaigne,2025-11-01,01:56:29,-07:00,2025-11-01T01:56:29-07:00,2,1
projects/projects.js,139,js,33278bac,Gabrielle Despaigne,2025-11-01,02:11:32,-07:00,2025-11-01T02:11:32-07:00,2,44
projects/projects.js,140,js,33278bac,Gabrielle Despaigne,2025-11-01,02:11:32,-07:00,2025-11-01T02:11:32-07:00,3,23
projects/projects.js,141,js,354432c7,Gabrielle Despaigne,2025-11-01,02:16:58,-07:00,2025-11-01T02:16:58-07:00,4,8
projects/projects.js,142,js,33278bac,Gabrielle Despaigne,2025-11-01,02:11:32,-07:00,2025-11-01T02:11:32-07:00,4,21
projects/projects.js,143,js,354432c7,Gabrielle Despaigne,2025-11-01,02:16:58,-07:00,2025-11-01T02:16:58-07:00,4,13
projects/projects.js,144,js,33278bac,Gabrielle Despaigne,2025-11-01,02:11:32,-07:00,2025-11-01T02:11:32-07:00,3,0
projects/projects.js,145,js,33278bac,Gabrielle Despaigne,2025-11-01,02:11:32,-07:00,2025-11-01T02:11:32-07:00,2,1
projects/projects.js,146,js,756fce64,Gabrielle Despaigne,2025-11-01,01:56:29,-07:00,2025-11-01T01:56:29-07:00,1,0
projects/projects.js,147,js,10368706,Gabrielle Despaigne,2025-10-31,13:44:43,-07:00,2025-10-31T13:44:43-07:00,0,3
projects/index.html,1,html,a20aab9c,Gabrielle Despaigne,2025-10-02,14:33:42,-07:00,2025-10-02T14:33:42-07:00,0,13
projects/index.html,2,html,a20aab9c,Gabrielle Despaigne,2025-10-02,14:33:42,-07:00,2025-10-02T14:33:42-07:00,0,14
projects/index.html,3,html,a20aab9c,Gabrielle Despaigne,2025-10-02,14:33:42,-07:00,2025-10-02T14:33:42-07:00,0,4
projects/index.html,4,html,6869c9f7,Gabrielle Despaigne,2025-10-25,12:19:23,-07:00,2025-10-25T12:19:23-07:00,1,22
projects/index.html,5,html,6869c9f7,Gabrielle Despaigne,2025-10-25,12:19:23,-07:00,2025-10-25T12:19:23-07:00,1,69
projects/index.html,6,html,6869c9f7,Gabrielle Despaigne,2025-10-25,12:19:23,-07:00,2025-10-25T12:19:23-07:00,1,21
projects/index.html,7,html,6869c9f7,Gabrielle Despaigne,2025-10-25,12:19:23,-07:00,2025-10-25T12:19:23-07:00,1,50
projects/index.html,8,html,6869c9f7,Gabrielle Despaigne,2025-10-25,12:19:23,-07:00,2025-10-25T12:19:23-07:00,1,56
projects/index.html,9,html,a20aab9c,Gabrielle Despaigne,2025-10-02,14:33:42,-07:00,2025-10-02T14:33:42-07:00,0,5
projects/index.html,10,html,0b837e38,Gabrielle Despaigne,2025-10-15,20:32:01,-07:00,2025-10-15T20:32:01-07:00,0,0
projects/index.html,11,html,a20aab9c,Gabrielle Despaigne,2025-10-02,14:33:42,-07:00,2025-10-02T14:33:42-07:00,0,4
projects/index.html,12,html,6869c9f7,Gabrielle Despaigne,2025-10-25,12:19:23,-07:00,2025-10-25T12:19:23-07:00,1,4
projects/index.html,13,html,6d3ba0f5,Gabrielle Despaigne,2025-10-31,13:12:39,-07:00,2025-10-31T13:12:39-07:00,2,28
projects/index.html,14,html,6d3ba0f5,Gabrielle Despaigne,2025-10-31,13:12:39,-07:00,2025-10-31T13:12:39-07:00,2,24
projects/index.html,15,html,e63bca6e,Gabrielle Despaigne,2025-10-31,13:55:28,-07:00,2025-10-31T13:55:28-07:00,3,59
projects/index.html,16,html,e63bca6e,Gabrielle Despaigne,2025-10-31,13:55:28,-07:00,2025-10-31T13:55:28-07:00,3,22
projects/index.html,17,html,6d3ba0f5,Gabrielle Despaigne,2025-10-31,13:12:39,-07:00,2025-10-31T13:12:39-07:00,2,8
projects/index.html,18,html,10368706,Gabrielle Despaigne,2025-10-31,13:44:43,-07:00,2025-10-31T13:44:43-07:00,0,0
projects/index.html,19,html,0f228a49,Gabrielle Despaigne,2025-11-01,02:06:13,-07:00,2025-11-01T02:06:13-07:00,2,17
projects/index.html,20,html,0f228a49,Gabrielle Despaigne,2025-11-01,02:06:13,-07:00,2025-11-01T02:06:13-07:00,2,19
projects/index.html,21,html,0f228a49,Gabrielle Despaigne,2025-11-01,02:06:13,-07:00,2025-11-01T02:06:13-07:00,3,72
projects/index.html,22,html,0f228a49,Gabrielle Despaigne,2025-11-01,02:06:13,-07:00,2025-11-01T02:06:13-07:00,2,8
projects/index.html,23,html,0f228a49,Gabrielle Despaigne,2025-11-01,02:06:13,-07:00,2025-11-01T02:06:13-07:00,2,0
projects/index.html,24,html,10368706,Gabrielle Despaigne,2025-10-31,13:44:43,-07:00,2025-10-31T13:44:43-07:00,2,22
projects/index.html,25,html,10368706,Gabrielle Despaigne,2025-10-31,13:44:43,-07:00,2025-10-31T13:44:43-07:00,2,7
projects/index.html,26,html,10368706,Gabrielle Despaigne,2025-10-31,13:44:43,-07:00,2025-10-31T13:44:43-07:00,3,15
projects/index.html,27,html,10368706,Gabrielle Despaigne,2025-10-31,13:44:43,-07:00,2025-10-31T13:44:43-07:00,3,45
projects/index.html,28,html,10368706,Gabrielle Despaigne,2025-10-31,13:44:43,-07:00,2025-10-31T13:44:43-07:00,2,8
projects/index.html,29,html,10368706,Gabrielle Despaigne,2025-10-31,13:44:43,-07:00,2025-10-31T13:44:43-07:00,0,0
projects/index.html,30,html,6869c9f7,Gabrielle Despaigne,2025-10-25,12:19:23,-07:00,2025-10-25T12:19:23-07:00,1,5
projects/index.html,31,html,6869c9f7,Gabrielle Despaigne,2025-10-25,12:19:23,-07:00,2025-10-25T12:19:23-07:00,1,49
projects/index.html,32,html,a20aab9c,Gabrielle Despaigne,2025-10-02,14:33:42,-07:00,2025-10-02T14:33:42-07:00,0,5
projects/index.html,33,html,6869c9f7,Gabrielle Despaigne,2025-10-25,12:19:23,-07:00,2025-10-25T12:19:23-07:00,0,5
meta/main.js,1,js,bfda85a3,Gabrielle Despaigne,2025-11-07,16:51:44,-08:00,2025-11-07T16:51:44-08:00,0,63
meta/main.js,2,js,00000000,Not Committed Yet,2025-11-20,21:39:20,-08:00,2025-11-20T21:39:20-08:00,0,72
meta/main.js,3,js,bfda85a3,Gabrielle Despaigne,2025-11-07,16:51:44,-08:00,2025-11-07T16:51:44-08:00,0,0
meta/main.js,4,js,f2833b34,Gabrielle Despaigne,2025-11-07,19:37:29,-08:00,2025-11-07T19:37:29-08:00,0,47
meta/main.js,5,js,f2833b34,Gabrielle Despaigne,2025-11-07,19:37:29,-08:00,2025-11-07T19:37:29-08:00,0,9
meta/main.js,6,js,f2833b34,Gabrielle Despaigne,2025-11-07,19:37:29,-08:00,2025-11-07T19:37:29-08:00,0,9
meta/main.js,7,js,00000000,Not Committed Yet,2025-11-20,21:39:20,-08:00,2025-11-20T21:39:20-08:00,0,45
meta/main.js,8,js,f2833b34,Gabrielle Despaigne,2025-11-07,19:37:29,-08:00,2025-11-07T19:37:29-08:00,0,0
meta/main.js,9,js,bfda85a3,Gabrielle Despaigne,2025-11-07,16:51:44,-08:00,2025-11-07T16:51:44-08:00,0,25
meta/main.js,10,js,bfda85a3,Gabrielle Despaigne,2025-11-07,16:51:44,-08:00,2025-11-07T16:51:44-08:00,1,46
meta/main.js,11,js,bfda85a3,Gabrielle Despaigne,2025-11-07,16:51:44,-08:00,2025-11-07T16:51:44-08:00,2,5
meta/main.js,12,js,bfda85a3,Gabrielle Despaigne,2025-11-07,16:51:44,-08:00,2025-11-07T16:51:44-08:00,2,14
meta/main.js,13,js,bfda85a3,Gabrielle Despaigne,2025-11-07,16:51:44,-08:00,2025-11-07T16:51:44-08:00,2,16
meta/main.js,14,js,bfda85a3,Gabrielle Despaigne,2025-11-07,16:51:44,-08:00,2025-11-07T16:51:44-08:00,2,18
meta/main.js,15,js,bfda85a3,Gabrielle Despaigne,2025-11-07,16:51:44,-08:00,2025-11-07T16:51:44-08:00,2,49
meta/main.js,16,js,bfda85a3,Gabrielle Despaigne,2025-11-07,16:51:44,-08:00,2025-11-07T16:51:44-08:00,2,31
meta/main.js,17,js,bfda85a3,Gabrielle Despaigne,2025-11-07,16:51:44,-08:00,2025-11-07T16:51:44-08:00,1,2
meta/main.js,18,js,bfda85a3,Gabrielle Despaigne,2025-11-07,16:51:44,-08:00,2025-11-07T16:51:44-08:00,1,10
meta/main.js,19,js,bfda85a3,Gabrielle Despaigne,2025-11-07,16:51:44,-08:00,2025-11-07T16:51:44-08:00,0,0
meta/main.js,20,js,bfda85a3,Gabrielle Despaigne,2025-11-07,16:51:44,-08:00,2025-11-07T16:51:44-08:00,0,0
meta/main.js,21,js,bfda85a3,Gabrielle Despaigne,2025-11-07,16:51:44,-08:00,2025-11-07T16:51:44-08:00,0,29
meta/main.js,22,js,bfda85a3,Gabrielle Despaigne,2025-11-07,16:51:44,-08:00,2025-11-07T16:51:44-08:00,1,7
meta/main.js,23,js,bfda85a3,Gabrielle Despaigne,2025-11-07,16:51:44,-08:00,2025-11-07T16:51:44-08:00,2,28
meta/main.js,24,js,bfda85a3,Gabrielle Despaigne,2025-11-07,16:51:44,-08:00,2025-11-07T16:51:44-08:00,2,25
meta/main.js,25,js,bfda85a3,Gabrielle Despaigne,2025-11-07,16:51:44,-08:00,2025-11-07T16:51:44-08:00,3,19
meta/main.js,26,js,bfda85a3,Gabrielle Despaigne,2025-11-07,16:51:44,-08:00,2025-11-07T16:51:44-08:00,3,53
meta/main.js,27,js,bfda85a3,Gabrielle Despaigne,2025-11-07,16:51:44,-08:00,2025-11-07T16:51:44-08:00,3,9
meta/main.js,28,js,bfda85a3,Gabrielle Despaigne,2025-11-07,16:51:44,-08:00,2025-11-07T16:51:44-08:00,4,9
meta/main.js,29,js,e627faf0,Gabrielle Despaigne,2025-11-07,17:31:48,-08:00,2025-11-07T17:31:48-08:00,4,59
meta/main.js,30,js,bfda85a3,Gabrielle Despaigne,2025-11-07,16:51:44,-08:00,2025-11-07T16:51:44-08:00,4,5
meta/main.js,31,js,bfda85a3,Gabrielle Despaigne,2025-11-07,16:51:44,-08:00,2025-11-07T16:51:44-08:00,4,3
meta/main.js,32,js,bfda85a3,Gabrielle Despaigne,2025-11-07,16:51:44,-08:00,2025-11-07T16:51:44-08:00,4,3
meta/main.js,33,js,bfda85a3,Gabrielle Despaigne,2025-11-07,16:51:44,-08:00,2025-11-07T16:51:44-08:00,4,7
meta/main.js,34,js,bfda85a3,Gabrielle Despaigne,2025-11-07,16:51:44,-08:00,2025-11-07T16:51:44-08:00,4,7
meta/main.js,35,js,bfda85a3,Gabrielle Despaigne,2025-11-07,16:51:44,-08:00,2025-11-07T16:51:44-08:00,4,57
meta/main.js,36,js,bfda85a3,Gabrielle Despaigne,2025-11-07,16:51:44,-08:00,2025-11-07T16:51:44-08:00,4,23
meta/main.js,37,js,bfda85a3,Gabrielle Despaigne,2025-11-07,16:51:44,-08:00,2025-11-07T16:51:44-08:00,3,0
meta/main.js,38,js,bfda85a3,Gabrielle Despaigne,2025-11-07,16:51:44,-08:00,2025-11-07T16:51:44-08:00,0,0
meta/main.js,39,js,bfda85a3,Gabrielle Despaigne,2025-11-07,16:51:44,-08:00,2025-11-07T16:51:44-08:00,3,35
meta/main.js,40,js,bfda85a3,Gabrielle Despaigne,2025-11-07,16:51:44,-08:00,2025-11-07T16:51:44-08:00,4,11
meta/main.js,41,js,bfda85a3,Gabrielle Despaigne,2025-11-07,16:51:44,-08:00,2025-11-07T16:51:44-08:00,4,18
meta/main.js,42,js,e627faf0,Gabrielle Despaigne,2025-11-07,17:31:48,-08:00,2025-11-07T17:31:48-08:00,4,14
meta/main.js,43,js,e627faf0,Gabrielle Despaigne,2025-11-07,17:31:48,-08:00,2025-11-07T17:31:48-08:00,4,16
meta/main.js,44,js,bfda85a3,Gabrielle Despaigne,2025-11-07,16:51:44,-08:00,2025-11-07T16:51:44-08:00,3,1
meta/main.js,45,js,bfda85a3,Gabrielle Despaigne,2025-11-07,16:51:44,-08:00,2025-11-07T16:51:44-08:00,0,0
meta/main.js,46,js,bfda85a3,Gabrielle Despaigne,2025-11-07,16:51:44,-08:00,2025-11-07T16:51:44-08:00,3,9
meta/main.js,47,js,bfda85a3,Gabrielle Despaigne,2025-11-07,16:51:44,-08:00,2025-11-07T16:51:44-08:00,2,1
meta/main.js,48,js,bfda85a3,Gabrielle Despaigne,2025-11-07,16:51:44,-08:00,2025-11-07T16:51:44-08:00,0,0
meta/main.js,49,js,bfda85a3,Gabrielle Despaigne,2025-11-07,16:51:44,-08:00,2025-11-07T16:51:44-08:00,0,0
meta/main.js,50,js,e627faf0,Gabrielle Despaigne,2025-11-07,17:31:48,-08:00,2025-11-07T17:31:48-08:00,0,33
meta/main.js,51,js,e627faf0,Gabrielle Despaigne,2025-11-07,17:31:48,-08:00,2025-11-07T17:31:48-08:00,1,59
meta/main.js,52,js,e627faf0,Gabrielle Despaigne,2025-11-07,17:31:48,-08:00,2025-11-07T17:31:48-08:00,0,0
meta/main.js,53,js,e627faf0,Gabrielle Despaigne,2025-11-07,17:31:48,-08:00,2025-11-07T17:31:48-08:00,1,27
meta/main.js,54,js,e627faf0,Gabrielle Despaigne,2025-11-07,17:31:48,-08:00,2025-11-07T17:31:48-08:00,1,38
meta/main.js,55,js,e627faf0,Gabrielle Despaigne,2025-11-07,17:31:48,-08:00,2025-11-07T17:31:48-08:00,0,0
meta/main.js,56,js,e627faf0,Gabrielle Despaigne,2025-11-07,17:31:48,-08:00,2025-11-07T17:31:48-08:00,1,13
meta/main.js,57,js,e627faf0,Gabrielle Despaigne,2025-11-07,17:31:48,-08:00,2025-11-07T17:31:48-08:00,2,5
meta/main.js,58,js,e627faf0,Gabrielle Despaigne,2025-11-07,17:31:48,-08:00,2025-11-07T17:31:48-08:00,2,4
meta/main.js,59,js,e627faf0,Gabrielle Despaigne,2025-11-07,17:31:48,-08:00,2025-11-07T17:31:48-08:00,1,0
meta/main.js,60,js,e627faf0,Gabrielle Despaigne,2025-11-07,17:31:48,-08:00,2025-11-07T17:31:48-08:00,0,0
meta/main.js,61,js,e627faf0,Gabrielle Despaigne,2025-11-07,17:31:48,-08:00,2025-11-07T17:31:48-08:00,1,33
meta/main.js,62,js,e627faf0,Gabrielle Despaigne,2025-11-07,17:31:48,-08:00,2025-11-07T17:31:48-08:00,1,20
meta/main.js,63,js,e627faf0,Gabrielle Despaigne,2025-11-07,17:31:48,-08:00,2025-11-07T17:31:48-08:00,1,32
meta/main.js,64,js,e627faf0,Gabrielle Despaigne,2025-11-07,17:31:48,-08:00,2025-11-07T17:31:48-08:00,0,0
meta/main.js,65,js,e627faf0,Gabrielle Despaigne,2025-11-07,17:31:48,-08:00,2025-11-07T17:31:48-08:00,1,44
meta/main.js,66,js,e627faf0,Gabrielle Despaigne,2025-11-07,17:31:48,-08:00,2025-11-07T17:31:48-08:00,1,37
meta/main.js,67,js,e627faf0,Gabrielle Despaigne,2025-11-07,17:31:48,-08:00,2025-11-07T17:31:48-08:00,0,0
meta/main.js,68,js,e627faf0,Gabrielle Despaigne,2025-11-07,17:31:48,-08:00,2025-11-07T17:31:48-08:00,0,0
meta/main.js,69,js,8b17675d,Gabrielle Despaigne,2025-11-07,17:18:05,-08:00,2025-11-07T17:18:05-08:00,0,40
meta/main.js,70,js,f2833b34,Gabrielle Despaigne,2025-11-07,19:37:29,-08:00,2025-11-07T19:37:29-08:00,1,36
meta/main.js,71,js,f2833b34,Gabrielle Despaigne,2025-11-07,19:37:29,-08:00,2025-11-07T19:37:29-08:00,1,17
meta/main.js,72,js,f2833b34,Gabrielle Despaigne,2025-11-07,19:37:29,-08:00,2025-11-07T19:37:29-08:00,0,0
meta/main.js,73,js,f2833b34,Gabrielle Despaigne,2025-11-07,19:37:29,-08:00,2025-11-07T19:37:29-08:00,1,55
meta/main.js,74,js,e627faf0,Gabrielle Despaigne,2025-11-07,17:31:48,-08:00,2025-11-07T17:31:48-08:00,0,0
meta/main.js,75,js,2d66411f,Gabrielle Despaigne,2025-11-07,17:53:26,-08:00,2025-11-07T17:53:26-08:00,1,32
meta/main.js,76,js,e627faf0,Gabrielle Despaigne,2025-11-07,17:31:48,-08:00,2025-11-07T17:31:48-08:00,1,32
meta/main.js,77,js,e627faf0,Gabrielle Despaigne,2025-11-07,17:31:48,-08:00,2025-11-07T17:31:48-08:00,0,0
meta/main.js,78,js,2d66411f,Gabrielle Despaigne,2025-11-07,17:53:26,-08:00,2025-11-07T17:53:26-08:00,1,36
meta/main.js,79,js,e627faf0,Gabrielle Despaigne,2025-11-07,17:31:48,-08:00,2025-11-07T17:31:48-08:00,1,35
meta/main.js,80,js,e627faf0,Gabrielle Despaigne,2025-11-07,17:31:48,-08:00,2025-11-07T17:31:48-08:00,0,0
meta/main.js,81,js,e627faf0,Gabrielle Despaigne,2025-11-07,17:31:48,-08:00,2025-11-07T17:31:48-08:00,1,47
meta/main.js,82,js,e627faf0,Gabrielle Despaigne,2025-11-07,17:31:48,-08:00,2025-11-07T17:31:48-08:00,1,28
meta/main.js,83,js,e627faf0,Gabrielle Despaigne,2025-11-07,17:31:48,-08:00,2025-11-07T17:31:48-08:00,0,0
meta/main.js,84,js,2d66411f,Gabrielle Despaigne,2025-11-07,17:53:26,-08:00,2025-11-07T17:53:26-08:00,1,40
meta/main.js,85,js,e627faf0,Gabrielle Despaigne,2025-11-07,17:31:48,-08:00,2025-11-07T17:31:48-08:00,1,29
meta/main.js,86,js,e627faf0,Gabrielle Despaigne,2025-11-07,17:31:48,-08:00,2025-11-07T17:31:48-08:00,0,0
meta/main.js,87,js,e627faf0,Gabrielle Despaigne,2025-11-07,17:31:48,-08:00,2025-11-07T17:31:48-08:00,1,58
meta/main.js,88,js,2d66411f,Gabrielle Despaigne,2025-11-07,17:53:26,-08:00,2025-11-07T17:53:26-08:00,1,47
meta/main.js,89,js,e627faf0,Gabrielle Despaigne,2025-11-07,17:31:48,-08:00,2025-11-07T17:31:48-08:00,1,45
meta/main.js,90,js,e627faf0,Gabrielle Despaigne,2025-11-07,17:31:48,-08:00,2025-11-07T17:31:48-08:00,0,0
meta/main.js,91,js,e627faf0,Gabrielle Despaigne,2025-11-07,17:31:48,-08:00,2025-11-07T17:31:48-08:00,1,54
meta/main.js,92,js,2d66411f,Gabrielle Despaigne,2025-11-07,17:53:26,-08:00,2025-11-07T17:53:26-08:00,1,38
meta/main.js,93,js,e627faf0,Gabrielle Despaigne,2025-11-07,17:31:48,-08:00,2025-11-07T17:31:48-08:00,1,48
meta/main.js,94,js,e627faf0,Gabrielle Despaigne,2025-11-07,17:31:48,-08:00,2025-11-07T17:31:48-08:00,0,0
meta/main.js,95,js,2d66411f,Gabrielle Despaigne,2025-11-07,17:53:26,-08:00,2025-11-07T17:53:26-08:00,1,71
meta/main.js,96,js,e627faf0,Gabrielle Despaigne,2025-11-07,17:31:48,-08:00,2025-11-07T17:31:48-08:00,1,37
meta/main.js,97,js,e627faf0,Gabrielle Despaigne,2025-11-07,17:31:48,-08:00,2025-11-07T17:31:48-08:00,0,0
meta/main.js,98,js,e627faf0,Gabrielle Despaigne,2025-11-07,17:31:48,-08:00,2025-11-07T17:31:48-08:00,1,22
meta/main.js,99,js,e627faf0,Gabrielle Despaigne,2025-11-07,17:31:48,-08:00,2025-11-07T17:31:48-08:00,2,19
meta/main.js,100,js,e627faf0,Gabrielle Despaigne,2025-11-07,17:31:48,-08:00,2025-11-07T17:31:48-08:00,2,42
meta/main.js,101,js,e627faf0,Gabrielle Despaigne,2025-11-07,17:31:48,-08:00,2025-11-07T17:31:48-08:00,3,25
meta/main.js,102,js,8b17675d,Gabrielle Despaigne,2025-11-07,17:18:05,-08:00,2025-11-07T17:18:05-08:00,2,0
meta/main.js,103,js,e627faf0,Gabrielle Despaigne,2025-11-07,17:31:48,-08:00,2025-11-07T17:31:48-08:00,1,1
meta/main.js,104,js,e627faf0,Gabrielle Despaigne,2025-11-07,17:31:48,-08:00,2025-11-07T17:31:48-08:00,0,0
meta/main.js,105,js,e627faf0,Gabrielle Despaigne,2025-11-07,17:31:48,-08:00,2025-11-07T17:31:48-08:00,1,18
meta/main.js,106,js,e627faf0,Gabrielle Despaigne,2025-11-07,17:31:48,-08:00,2025-11-07T17:31:48-08:00,1,30
meta/main.js,107,js,e627faf0,Gabrielle Despaigne,2025-11-07,17:31:48,-08:00,2025-11-07T17:31:48-08:00,2,42
meta/main.js,108,js,e627faf0,Gabrielle Despaigne,2025-11-07,17:31:48,-08:00,2025-11-07T17:31:48-08:00,3,14
meta/main.js,109,js,8b17675d,Gabrielle Despaigne,2025-11-07,17:18:05,-08:00,2025-11-07T17:18:05-08:00,2,0
meta/main.js,110,js,8b17675d,Gabrielle Despaigne,2025-11-07,17:18:05,-08:00,2025-11-07T17:18:05-08:00,1,0
meta/main.js,111,js,bfda85a3,Gabrielle Despaigne,2025-11-07,16:51:44,-08:00,2025-11-07T16:51:44-08:00,0,0
meta/main.js,112,js,e627faf0,Gabrielle Despaigne,2025-11-07,17:31:48,-08:00,2025-11-07T17:31:48-08:00,1,19
meta/main.js,113,js,e627faf0,Gabrielle Despaigne,2025-11-07,17:31:48,-08:00,2025-11-07T17:31:48-08:00,2,74
meta/main.js,114,js,8b17675d,Gabrielle Despaigne,2025-11-07,17:18:05,-08:00,2025-11-07T17:18:05-08:00,0,0
meta/main.js,115,js,2d66411f,Gabrielle Despaigne,2025-11-07,17:53:26,-08:00,2025-11-07T17:53:26-08:00,1,53
meta/main.js,116,js,e627faf0,Gabrielle Despaigne,2025-11-07,17:31:48,-08:00,2025-11-07T17:31:48-08:00,1,34
meta/main.js,117,js,e627faf0,Gabrielle Despaigne,2025-11-07,17:31:48,-08:00,2025-11-07T17:31:48-08:00,0,0
meta/main.js,118,js,e627faf0,Gabrielle Despaigne,2025-11-07,17:31:48,-08:00,2025-11-07T17:31:48-08:00,0,0
meta/main.js,119,js,f2833b34,Gabrielle Despaigne,2025-11-07,19:37:29,-08:00,2025-11-07T19:37:29-08:00,0,37
meta/main.js,120,js,f2833b34,Gabrielle Despaigne,2025-11-07,19:37:29,-08:00,2025-11-07T19:37:29-08:00,1,54
meta/main.js,121,js,f2833b34,Gabrielle Despaigne,2025-11-07,19:37:29,-08:00,2025-11-07T19:37:29-08:00,0,0
meta/main.js,122,js,f2833b34,Gabrielle Despaigne,2025-11-07,19:37:29,-08:00,2025-11-07T19:37:29-08:00,1,50
meta/main.js,123,js,f2833b34,Gabrielle Despaigne,2025-11-07,19:37:29,-08:00,2025-11-07T19:37:29-08:00,1,50
meta/main.js,124,js,f2833b34,Gabrielle Despaigne,2025-11-07,19:37:29,-08:00,2025-11-07T19:37:29-08:00,1,50
meta/main.js,125,js,f2833b34,Gabrielle Despaigne,2025-11-07,19:37:29,-08:00,2025-11-07T19:37:29-08:00,1,54
meta/main.js,126,js,f2833b34,Gabrielle Despaigne,2025-11-07,19:37:29,-08:00,2025-11-07T19:37:29-08:00,1,52
meta/main.js,127,js,f2833b34,Gabrielle Despaigne,2025-11-07,19:37:29,-08:00,2025-11-07T19:37:29-08:00,0,0
meta/main.js,128,js,f2833b34,Gabrielle Despaigne,2025-11-07,19:37:29,-08:00,2025-11-07T19:37:29-08:00,1,21
meta/main.js,129,js,f2833b34,Gabrielle Despaigne,2025-11-07,19:37:29,-08:00,2025-11-07T19:37:29-08:00,1,27
meta/main.js,130,js,f2833b34,Gabrielle Despaigne,2025-11-07,19:37:29,-08:00,2025-11-07T19:37:29-08:00,0,0
meta/main.js,131,js,f2833b34,Gabrielle Despaigne,2025-11-07,19:37:29,-08:00,2025-11-07T19:37:29-08:00,1,70
meta/main.js,132,js,f2833b34,Gabrielle Despaigne,2025-11-07,19:37:29,-08:00,2025-11-07T19:37:29-08:00,2,55
meta/main.js,133,js,f2833b34,Gabrielle Despaigne,2025-11-07,19:37:29,-08:00,2025-11-07T19:37:29-08:00,3,16
meta/main.js,134,js,f2833b34,Gabrielle Despaigne,2025-11-07,19:37:29,-08:00,2025-11-07T19:37:29-08:00,2,1
meta/main.js,135,js,f2833b34,Gabrielle Despaigne,2025-11-07,19:37:29,-08:00,2025-11-07T19:37:29-08:00,2,59
meta/main.js,136,js,f2833b34,Gabrielle Despaigne,2025-11-07,19:37:29,-08:00,2025-11-07T19:37:29-08:00,3,17
meta/main.js,137,js,f2833b34,Gabrielle Despaigne,2025-11-07,19:37:29,-08:00,2025-11-07T19:37:29-08:00,2,1
meta/main.js,138,js,f2833b34,Gabrielle Despaigne,2025-11-07,19:37:29,-08:00,2025-11-07T19:37:29-08:00,1,6
meta/main.js,139,js,f2833b34,Gabrielle Despaigne,2025-11-07,19:37:29,-08:00,2025-11-07T19:37:29-08:00,2,20
meta/main.js,140,js,f2833b34,Gabrielle Despaigne,2025-11-07,19:37:29,-08:00,2025-11-07T19:37:29-08:00,2,20
meta/main.js,141,js,f2833b34,Gabrielle Despaigne,2025-11-07,19:37:29,-08:00,2025-11-07T19:37:29-08:00,1,0
meta/main.js,142,js,f2833b34,Gabrielle Despaigne,2025-11-07,19:37:29,-08:00,2025-11-07T19:37:29-08:00,0,0
meta/main.js,143,js,f2833b34,Gabrielle Despaigne,2025-11-07,19:37:29,-08:00,2025-11-07T19:37:29-08:00,1,39
meta/main.js,144,js,f2833b34,Gabrielle Despaigne,2025-11-07,19:37:29,-08:00,2025-11-07T19:37:29-08:00,1,42
meta/main.js,145,js,f2833b34,Gabrielle Despaigne,2025-11-07,19:37:29,-08:00,2025-11-07T19:37:29-08:00,0,0
meta/main.js,146,js,f2833b34,Gabrielle Despaigne,2025-11-07,19:37:29,-08:00,2025-11-07T19:37:29-08:00,0,0
meta/main.js,147,js,f2833b34,Gabrielle Despaigne,2025-11-07,19:37:29,-08:00,2025-11-07T19:37:29-08:00,0,43
meta/main.js,148,js,f2833b34,Gabrielle Despaigne,2025-11-07,19:37:29,-08:00,2025-11-07T19:37:29-08:00,1,56
meta/main.js,149,js,f2833b34,Gabrielle Despaigne,2025-11-07,19:37:29,-08:00,2025-11-07T19:37:29-08:00,1,19
meta/main.js,150,js,f2833b34,Gabrielle Despaigne,2025-11-07,19:37:29,-08:00,2025-11-07T19:37:29-08:00,1,26
meta/main.js,151,js,f2833b34,Gabrielle Despaigne,2025-11-07,19:37:29,-08:00,2025-11-07T19:37:29-08:00,0,0
meta/main.js,152,js,f2833b34,Gabrielle Despaigne,2025-11-07,19:37:29,-08:00,2025-11-07T19:37:29-08:00,0,0
meta/main.js,153,js,f2833b34,Gabrielle Despaigne,2025-11-07,19:37:29,-08:00,2025-11-07T19:37:29-08:00,0,37
meta/main.js,154,js,f2833b34,Gabrielle Despaigne,2025-11-07,19:37:29,-08:00,2025-11-07T19:37:29-08:00,1,56
meta/main.js,155,js,f2833b34,Gabrielle Despaigne,2025-11-07,19:37:29,-08:00,2025-11-07T19:37:29-08:00,1,19
meta/main.js,156,js,f2833b34,Gabrielle Despaigne,2025-11-07,19:37:29,-08:00,2025-11-07T19:37:29-08:00,1,16
meta/main.js,157,js,f2833b34,Gabrielle Despaigne,2025-11-07,19:37:29,-08:00,2025-11-07T19:37:29-08:00,1,49
meta/main.js,158,js,f2833b34,Gabrielle Despaigne,2025-11-07,19:37:29,-08:00,2025-11-07T19:37:29-08:00,1,48
meta/main.js,159,js,f2833b34,Gabrielle Despaigne,2025-11-07,19:37:29,-08:00,2025-11-07T19:37:29-08:00,0,0
meta/main.js,160,js,f2833b34,Gabrielle Despaigne,2025-11-07,19:37:29,-08:00,2025-11-07T19:37:29-08:00,0,0
meta/main.js,161,js,f2833b34,Gabrielle Despaigne,2025-11-07,19:37:29,-08:00,2025-11-07T19:37:29-08:00,0,34
meta/main.js,162,js,f2833b34,Gabrielle Despaigne,2025-11-07,19:37:29,-08:00,2025-11-07T19:37:29-08:00,0,0
meta/main.js,163,js,f2833b34,Gabrielle Despaigne,2025-11-07,19:37:29,-08:00,2025-11-07T19:37:29-08:00,0,44
meta/main.js,164,js,f2833b34,Gabrielle Despaigne,2025-11-07,19:37:29,-08:00,2025-11-07T19:37:29-08:00,1,27
meta/main.js,165,js,f2833b34,Gabrielle Despaigne,2025-11-07,19:37:29,-08:00,2025-11-07T19:37:29-08:00,1,37
meta/main.js,166,js,f2833b34,Gabrielle Despaigne,2025-11-07,19:37:29,-08:00,2025-11-07T19:37:29-08:00,1,32
meta/main.js,167,js,f2833b34,Gabrielle Despaigne,2025-11-07,19:37:29,-08:00,2025-11-07T19:37:29-08:00,1,32
meta/main.js,168,js,f2833b34,Gabrielle Despaigne,2025-11-07,19:37:29,-08:00,2025-11-07T19:37:29-08:00,1,46
meta/main.js,169,js,f2833b34,Gabrielle Despaigne,2025-11-07,19:37:29,-08:00,2025-11-07T19:37:29-08:00,0,0
meta/main.js,170,js,f2833b34,Gabrielle Despaigne,2025-11-07,19:37:29,-08:00,2025-11-07T19:37:29-08:00,0,0
meta/main.js,171,js,f2833b34,Gabrielle Despaigne,2025-11-07,19:37:29,-08:00,2025-11-07T19:37:29-08:00,0,40
meta/main.js,172,js,f2833b34,Gabrielle Despaigne,2025-11-07,19:37:29,-08:00,2025-11-07T19:37:29-08:00,1,62
meta/main.js,173,js,f2833b34,Gabrielle Despaigne,2025-11-07,19:37:29,-08:00,2025-11-07T19:37:29-08:00,1,27
meta/main.js,174,js,f2833b34,Gabrielle Despaigne,2025-11-07,19:37:29,-08:00,2025-11-07T19:37:29-08:00,0,0
meta/main.js,175,js,f2833b34,Gabrielle Despaigne,2025-11-07,19:37:29,-08:00,2025-11-07T19:37:29-08:00,1,31
meta/main.js,176,js,f2833b34,Gabrielle Despaigne,2025-11-07,19:37:29,-08:00,2025-11-07T19:37:29-08:00,2,53
meta/main.js,177,js,f2833b34,Gabrielle Despaigne,2025-11-07,19:37:29,-08:00,2025-11-07T19:37:29-08:00,2,3
meta/main.js,178,js,f2833b34,Gabrielle Despaigne,2025-11-07,19:37:29,-08:00,2025-11-07T19:37:29-08:00,0,0
meta/main.js,179,js,f2833b34,Gabrielle Despaigne,2025-11-07,19:37:29,-08:00,2025-11-07T19:37:29-08:00,1,28
meta/main.js,180,js,f2833b34,Gabrielle Despaigne,2025-11-07,19:37:29,-08:00,2025-11-07T19:37:29-08:00,2,28
meta/main.js,181,js,f2833b34,Gabrielle Despaigne,2025-11-07,19:37:29,-08:00,2025-11-07T19:37:29-08:00,1,18
meta/main.js,182,js,f2833b34,Gabrielle Despaigne,2025-11-07,19:37:29,-08:00,2025-11-07T19:37:29-08:00,0,0
meta/main.js,183,js,f2833b34,Gabrielle Despaigne,2025-11-07,19:37:29,-08:00,2025-11-07T19:37:29-08:00,1,21
meta/main.js,184,js,f2833b34,Gabrielle Despaigne,2025-11-07,19:37:29,-08:00,2025-11-07T19:37:29-08:00,0,0
meta/main.js,185,js,f2833b34,Gabrielle Despaigne,2025-11-07,19:37:29,-08:00,2025-11-07T19:37:29-08:00,0,0
meta/main.js,186,js,f2833b34,Gabrielle Despaigne,2025-11-07,19:37:29,-08:00,2025-11-07T19:37:29-08:00,0,43
meta/main.js,187,js,f2833b34,Gabrielle Despaigne,2025-11-07,19:37:29,-08:00,2025-11-07T19:37:29-08:00,1,62
meta/main.js,188,js,f2833b34,Gabrielle Despaigne,2025-11-07,19:37:29,-08:00,2025-11-07T19:37:29-08:00,1,21
meta/main.js,189,js,f2833b34,Gabrielle Despaigne,2025-11-07,19:37:29,-08:00,2025-11-07T19:37:29-08:00,0,0
meta/main.js,190,js,f2833b34,Gabrielle Despaigne,2025-11-07,19:37:29,-08:00,2025-11-07T19:37:29-08:00,1,31
meta/main.js,191,js,f2833b34,Gabrielle Despaigne,2025-11-07,19:37:29,-08:00,2025-11-07T19:37:29-08:00,2,53
meta/main.js,192,js,f2833b34,Gabrielle Despaigne,2025-11-07,19:37:29,-08:00,2025-11-07T19:37:29-08:00,2,3
meta/main.js,193,js,f2833b34,Gabrielle Despaigne,2025-11-07,19:37:29,-08:00,2025-11-07T19:37:29-08:00,0,0
meta/main.js,194,js,f2833b34,Gabrielle Despaigne,2025-11-07,19:37:29,-08:00,2025-11-07T19:37:29-08:00,1,33
meta/main.js,195,js,f2833b34,Gabrielle Despaigne,2025-11-07,19:37:29,-08:00,2025-11-07T19:37:29-08:00,2,23
meta/main.js,196,js,f2833b34,Gabrielle Despaigne,2025-11-07,19:37:29,-08:00,2025-11-07T19:37:29-08:00,2,5
meta/main.js,197,js,f2833b34,Gabrielle Despaigne,2025-11-07,19:37:29,-08:00,2025-11-07T19:37:29-08:00,1,0
meta/main.js,198,js,f2833b34,Gabrielle Despaigne,2025-11-07,19:37:29,-08:00,2025-11-07T19:37:29-08:00,0,0
meta/main.js,199,js,f2833b34,Gabrielle Despaigne,2025-11-07,19:37:29,-08:00,2025-11-07T19:37:29-08:00,1,73
meta/main.js,200,js,f2833b34,Gabrielle Despaigne,2025-11-07,19:37:29,-08:00,2025-11-07T19:37:29-08:00,1,52
meta/main.js,201,js,f2833b34,Gabrielle Despaigne,2025-11-07,19:37:29,-08:00,2025-11-07T19:37:29-08:00,0,0
meta/main.js,202,js,f2833b34,Gabrielle Despaigne,2025-11-07,19:37:29,-08:00,2025-11-07T19:37:29-08:00,1,26
meta/main.js,203,js,f2833b34,Gabrielle Despaigne,2025-11-07,19:37:29,-08:00,2025-11-07T19:37:29-08:00,2,4
meta/main.js,204,js,f2833b34,Gabrielle Despaigne,2025-11-07,19:37:29,-08:00,2025-11-07T19:37:29-08:00,2,14
meta/main.js,205,js,f2833b34,Gabrielle Despaigne,2025-11-07,19:37:29,-08:00,2025-11-07T19:37:29-08:00,2,12
meta/main.js,206,js,f2833b34,Gabrielle Despaigne,2025-11-07,19:37:29,-08:00,2025-11-07T19:37:29-08:00,1,0
meta/main.js,207,js,f2833b34,Gabrielle Despaigne,2025-11-07,19:37:29,-08:00,2025-11-07T19:37:29-08:00,0,0
meta/main.js,208,js,f2833b34,Gabrielle Despaigne,2025-11-07,19:37:29,-08:00,2025-11-07T19:37:29-08:00,1,23
meta/main.js,209,js,f2833b34,Gabrielle Despaigne,2025-11-07,19:37:29,-08:00,2025-11-07T19:37:29-08:00,0,0
meta/main.js,210,js,f2833b34,Gabrielle Despaigne,2025-11-07,19:37:29,-08:00,2025-11-07T19:37:29-08:00,1,42
meta/main.js,211,js,f2833b34,Gabrielle Despaigne,2025-11-07,19:37:29,-08:00,2025-11-07T19:37:29-08:00,2,38
meta/main.js,212,js,f2833b34,Gabrielle Despaigne,2025-11-07,19:37:29,-08:00,2025-11-07T19:37:29-08:00,2,46
meta/main.js,213,js,f2833b34,Gabrielle Despaigne,2025-11-07,19:37:29,-08:00,2025-11-07T19:37:29-08:00,0,0
meta/main.js,214,js,f2833b34,Gabrielle Despaigne,2025-11-07,19:37:29,-08:00,2025-11-07T19:37:29-08:00,2,22
meta/main.js,215,js,f2833b34,Gabrielle Despaigne,2025-11-07,19:37:29,-08:00,2025-11-07T19:37:29-08:00,3,18
meta/main.js,216,js,f2833b34,Gabrielle Despaigne,2025-11-07,19:37:29,-08:00,2025-11-07T19:37:29-08:00,3,36
meta/main.js,217,js,f2833b34,Gabrielle Despaigne,2025-11-07,19:37:29,-08:00,2025-11-07T19:37:29-08:00,2,0
meta/main.js,218,js,f2833b34,Gabrielle Despaigne,2025-11-07,19:37:29,-08:00,2025-11-07T19:37:29-08:00,1,0
meta/main.js,219,js,f2833b34,Gabrielle Despaigne,2025-11-07,19:37:29,-08:00,2025-11-07T19:37:29-08:00,0,0
meta/main.js,220,js,f2833b34,Gabrielle Despaigne,2025-11-07,19:37:29,-08:00,2025-11-07T19:37:29-08:00,0,0
meta/main.js,221,js,f2833b34,Gabrielle Despaigne,2025-11-07,19:37:29,-08:00,2025-11-07T19:37:29-08:00,0,40
meta/main.js,222,js,f2833b34,Gabrielle Despaigne,2025-11-07,19:37:29,-08:00,2025-11-07T19:37:29-08:00,0,0
meta/main.js,223,js,f2833b34,Gabrielle Despaigne,2025-11-07,19:37:29,-08:00,2025-11-07T19:37:29-08:00,0,41
meta/main.js,224,js,f2833b34,Gabrielle Despaigne,2025-11-07,19:37:29,-08:00,2025-11-07T19:37:29-08:00,1,17
meta/main.js,225,js,f2833b34,Gabrielle Despaigne,2025-11-07,19:37:29,-08:00,2025-11-07T19:37:29-08:00,1,17
meta/main.js,226,js,f2833b34,Gabrielle Despaigne,2025-11-07,19:37:29,-08:00,2025-11-07T19:37:29-08:00,0,0
meta/main.js,227,js,f2833b34,Gabrielle Despaigne,2025-11-07,19:37:29,-08:00,2025-11-07T19:37:29-08:00,1,12
meta/main.js,228,js,f2833b34,Gabrielle Despaigne,2025-11-07,19:37:29,-08:00,2025-11-07T19:37:29-08:00,2,15
meta/main.js,229,js,f2833b34,Gabrielle Despaigne,2025-11-07,19:37:29,-08:00,2025-11-07T19:37:29-08:00,2,12
meta/main.js,230,js,f2833b34,Gabrielle Despaigne,2025-11-07,19:37:29,-08:00,2025-11-07T19:37:29-08:00,2,40
meta/main.js,231,js,f2833b34,Gabrielle Despaigne,2025-11-07,19:37:29,-08:00,2025-11-07T19:37:29-08:00,2,28
meta/main.js,232,js,f2833b34,Gabrielle Despaigne,2025-11-07,19:37:29,-08:00,2025-11-07T19:37:29-08:00,0,0
meta/main.js,233,js,f2833b34,Gabrielle Despaigne,2025-11-07,19:37:29,-08:00,2025-11-07T19:37:29-08:00,1,51
meta/main.js,234,js,f2833b34,Gabrielle Despaigne,2025-11-07,19:37:29,-08:00,2025-11-07T19:37:29-08:00,1,9
meta/main.js,235,js,f2833b34,Gabrielle Despaigne,2025-11-07,19:37:29,-08:00,2025-11-07T19:37:29-08:00,2,10
meta/main.js,236,js,f2833b34,Gabrielle Despaigne,2025-11-07,19:37:29,-08:00,2025-11-07T19:37:29-08:00,2,44
meta/main.js,237,js,f2833b34,Gabrielle Despaigne,2025-11-07,19:37:29,-08:00,2025-11-07T19:37:29-08:00,2,16
meta/main.js,238,js,f2833b34,Gabrielle Despaigne,2025-11-07,19:37:29,-08:00,2025-11-07T19:37:29-08:00,2,6
meta/main.js,239,js,f2833b34,Gabrielle Despaigne,2025-11-07,19:37:29,-08:00,2025-11-07T19:37:29-08:00,0,0
meta/main.js,240,js,f2833b34,Gabrielle Despaigne,2025-11-07,19:37:29,-08:00,2025-11-07T19:37:29-08:00,1,59
meta/main.js,241,js,f2833b34,Gabrielle Despaigne,2025-11-07,19:37:29,-08:00,2025-11-07T19:37:29-08:00,0,0
meta/main.js,242,js,f2833b34,Gabrielle Despaigne,2025-11-07,19:37:29,-08:00,2025-11-07T19:37:29-08:00,1,58
meta/main.js,243,js,f2833b34,Gabrielle Despaigne,2025-11-07,19:37:29,-08:00,2025-11-07T19:37:29-08:00,0,0
meta/main.js,244,js,f2833b34,Gabrielle Despaigne,2025-11-07,19:37:29,-08:00,2025-11-07T19:37:29-08:00,1,18
meta/main.js,245,js,f2833b34,Gabrielle Despaigne,2025-11-07,19:37:29,-08:00,2025-11-07T19:37:29-08:00,2,14
meta/main.js,246,js,f2833b34,Gabrielle Despaigne,2025-11-07,19:37:29,-08:00,2025-11-07T19:37:29-08:00,2,26
meta/main.js,247,js,f2833b34,Gabrielle Despaigne,2025-11-07,19:37:29,-08:00,2025-11-07T19:37:29-08:00,2,29
meta/main.js,248,js,f2833b34,Gabrielle Despaigne,2025-11-07,19:37:29,-08:00,2025-11-07T19:37:29-08:00,2,16
meta/main.js,249,js,f2833b34,Gabrielle Despaigne,2025-11-07,19:37:29,-08:00,2025-11-07T19:37:29-08:00,2,40
meta/main.js,250,js,f2833b34,Gabrielle Despaigne,2025-11-07,19:37:29,-08:00,2025-11-07T19:37:29-08:00,2,42
meta/main.js,251,js,f2833b34,Gabrielle Despaigne,2025-11-07,19:37:29,-08:00,2025-11-07T19:37:29-08:00,1,0
meta/main.js,252,js,f2833b34,Gabrielle Despaigne,2025-11-07,19:37:29,-08:00,2025-11-07T19:37:29-08:00,0,0
meta/main.js,253,js,f2833b34,Gabrielle Despaigne,2025-11-07,19:37:29,-08:00,2025-11-07T19:37:29-08:00,1,48
meta/main.js,254,js,f2833b34,Gabrielle Despaigne,2025-11-07,19:37:29,-08:00,2025-11-07T19:37:29-08:00,1,48
meta/main.js,255,js,f2833b34,Gabrielle Despaigne,2025-11-07,19:37:29,-08:00,2025-11-07T19:37:29-08:00,0,0
meta/main.js,256,js,f2833b34,Gabrielle Despaigne,2025-11-07,19:37:29,-08:00,2025-11-07T19:37:29-08:00,1,67
meta/main.js,257,js,f2833b34,Gabrielle Despaigne,2025-11-07,19:37:29,-08:00,2025-11-07T19:37:29-08:00,1,15
meta/main.js,258,js,f2833b34,Gabrielle Despaigne,2025-11-07,19:37:29,-08:00,2025-11-07T19:37:29-08:00,2,10
meta/main.js,259,js,f2833b34,Gabrielle Despaigne,2025-11-07,19:37:29,-08:00,2025-11-07T19:37:29-08:00,2,27
meta/main.js,260,js,f2833b34,Gabrielle Despaigne,2025-11-07,19:37:29,-08:00,2025-11-07T19:37:29-08:00,2,14
meta/main.js,261,js,f2833b34,Gabrielle Despaigne,2025-11-07,19:37:29,-08:00,2025-11-07T19:37:29-08:00,0,0
meta/main.js,262,js,f2833b34,Gabrielle Despaigne,2025-11-07,19:37:29,-08:00,2025-11-07T19:37:29-08:00,1,19
meta/main.js,263,js,f2833b34,Gabrielle Despaigne,2025-11-07,19:37:29,-08:00,2025-11-07T19:37:29-08:00,2,10
meta/main.js,264,js,f2833b34,Gabrielle Despaigne,2025-11-07,19:37:29,-08:00,2025-11-07T19:37:29-08:00,2,25
meta/main.js,265,js,f2833b34,Gabrielle Despaigne,2025-11-07,19:37:29,-08:00,2025-11-07T19:37:29-08:00,2,53
meta/main.js,266,js,f2833b34,Gabrielle Despaigne,2025-11-07,19:37:29,-08:00,2025-11-07T19:37:29-08:00,0,0
meta/main.js,267,js,f2833b34,Gabrielle Despaigne,2025-11-07,19:37:29,-08:00,2025-11-07T19:37:29-08:00,1,77
meta/main.js,268,js,f2833b34,Gabrielle Despaigne,2025-11-07,19:37:29,-08:00,2025-11-07T19:37:29-08:00,0,0
meta/main.js,269,js,f2833b34,Gabrielle Despaigne,2025-11-07,19:37:29,-08:00,2025-11-07T19:37:29-08:00,1,34
meta/main.js,270,js,f2833b34,Gabrielle Despaigne,2025-11-07,19:37:29,-08:00,2025-11-07T19:37:29-08:00,1,14
meta/main.js,271,js,f2833b34,Gabrielle Despaigne,2025-11-07,19:37:29,-08:00,2025-11-07T19:37:29-08:00,2,15
meta/main.js,272,js,f2833b34,Gabrielle Despaigne,2025-11-07,19:37:29,-08:00,2025-11-07T19:37:29-08:00,2,58
meta/main.js,273,js,f2833b34,Gabrielle Despaigne,2025-11-07,19:37:29,-08:00,2025-11-07T19:37:29-08:00,0,0
meta/main.js,274,js,f2833b34,Gabrielle Despaigne,2025-11-07,19:37:29,-08:00,2025-11-07T19:37:29-08:00,1,1
meta/main.js,275,js,f2833b34,Gabrielle Despaigne,2025-11-07,19:37:29,-08:00,2025-11-07T19:37:29-08:00,2,10
meta/main.js,276,js,f2833b34,Gabrielle Despaigne,2025-11-07,19:37:29,-08:00,2025-11-07T19:37:29-08:00,2,54
meta/main.js,277,js,00000000,Not Committed Yet,2025-11-20,21:39:20,-08:00,2025-11-20T21:39:20-08:00,2,22
meta/main.js,278,js,f2833b34,Gabrielle Despaigne,2025-11-07,19:37:29,-08:00,2025-11-07T19:37:29-08:00,2,11
meta/main.js,279,js,f2833b34,Gabrielle Despaigne,2025-11-07,19:37:29,-08:00,2025-11-07T19:37:29-08:00,0,0
meta/main.js,280,js,f2833b34,Gabrielle Despaigne,2025-11-07,19:37:29,-08:00,2025-11-07T19:37:29-08:00,1,1
meta/main.js,281,js,f2833b34,Gabrielle Despaigne,2025-11-07,19:37:29,-08:00,2025-11-07T19:37:29-08:00,2,10
meta/main.js,282,js,f2833b34,Gabrielle Despaigne,2025-11-07,19:37:29,-08:00,2025-11-07T19:37:29-08:00,2,52
meta/main.js,283,js,00000000,Not Committed Yet,2025-11-20,21:39:20,-08:00,2025-11-20T21:39:20-08:00,2,22
meta/main.js,284,js,f2833b34,Gabrielle Despaigne,2025-11-07,19:37:29,-08:00,2025-11-07T19:37:29-08:00,2,11
meta/main.js,285,js,f2833b34,Gabrielle Despaigne,2025-11-07,19:37:29,-08:00,2025-11-07T19:37:29-08:00,0,0
meta/main.js,286,js,f2833b34,Gabrielle Despaigne,2025-11-07,19:37:29,-08:00,2025-11-07T19:37:29-08:00,1,62
meta/main.js,287,js,f2833b34,Gabrielle Despaigne,2025-11-07,19:37:29,-08:00,2025-11-07T19:37:29-08:00,1,14
meta/main.js,288,js,f2833b34,Gabrielle Despaigne,2025-11-07,19:37:29,-08:00,2025-11-07T19:37:29-08:00,2,6
meta/main.js,289,js,f2833b34,Gabrielle Despaigne,2025-11-07,19:37:29,-08:00,2025-11-07T19:37:29-08:00,2,7
meta/main.js,290,js,f2833b34,Gabrielle Despaigne,2025-11-07,19:37:29,-08:00,2025-11-07T19:37:29-08:00,3,32
meta/main.js,291,js,f2833b34,Gabrielle Despaigne,2025-11-07,19:37:29,-08:00,2025-11-07T19:37:29-08:00,3,36
meta/main.js,292,js,f2833b34,Gabrielle Despaigne,2025-11-07,19:37:29,-08:00,2025-11-07T19:37:29-08:00,2,0
meta/main.js,293,js,f2833b34,Gabrielle Despaigne,2025-11-07,19:37:29,-08:00,2025-11-07T19:37:29-08:00,2,24
meta/main.js,294,js,f2833b34,Gabrielle Despaigne,2025-11-07,19:37:29,-08:00,2025-11-07T19:37:29-08:00,0,0
meta/main.js,295,js,f2833b34,Gabrielle Despaigne,2025-11-07,19:37:29,-08:00,2025-11-07T19:37:29-08:00,1,64
meta/main.js,296,js,f2833b34,Gabrielle Despaigne,2025-11-07,19:37:29,-08:00,2025-11-07T19:37:29-08:00,0,0
meta/main.js,297,js,f2833b34,Gabrielle Despaigne,2025-11-07,19:37:29,-08:00,2025-11-07T19:37:29-08:00,1,49
meta/main.js,298,js,f2833b34,Gabrielle Despaigne,2025-11-07,19:37:29,-08:00,2025-11-07T19:37:29-08:00,0,0
meta/main.js,299,js,f2833b34,Gabrielle Despaigne,2025-11-07,19:37:29,-08:00,2025-11-07T19:37:29-08:00,1,59
meta/main.js,300,js,f2833b34,Gabrielle Despaigne,2025-11-07,19:37:29,-08:00,2025-11-07T19:37:29-08:00,0,0
meta/main.js,301,js,f2833b34,Gabrielle Despaigne,2025-11-07,19:37:29,-08:00,2025-11-07T19:37:29-08:00,1,2
meta/main.js,302,js,f2833b34,Gabrielle Despaigne,2025-11-07,19:37:29,-08:00,2025-11-07T19:37:29-08:00,2,18
meta/main.js,303,js,f2833b34,Gabrielle Despaigne,2025-11-07,19:37:29,-08:00,2025-11-07T19:37:29-08:00,2,18
meta/main.js,304,js,f2833b34,Gabrielle Despaigne,2025-11-07,19:37:29,-08:00,2025-11-07T19:37:29-08:00,2,13
meta/main.js,305,js,f2833b34,Gabrielle Despaigne,2025-11-07,19:37:29,-08:00,2025-11-07T19:37:29-08:00,2,36
meta/main.js,306,js,f2833b34,Gabrielle Despaigne,2025-11-07,19:37:29,-08:00,2025-11-07T19:37:29-08:00,2,36
meta/main.js,307,js,f2833b34,Gabrielle Despaigne,2025-11-07,19:37:29,-08:00,2025-11-07T19:37:29-08:00,2,37
meta/main.js,308,js,00000000,Not Committed Yet,2025-11-20,21:39:20,-08:00,2025-11-20T21:39:20-08:00,2,40
meta/main.js,309,js,00000000,Not Committed Yet,2025-11-20,21:39:20,-08:00,2025-11-20T21:39:20-08:00,2,22
meta/main.js,310,js,f2833b34,Gabrielle Despaigne,2025-11-07,19:37:29,-08:00,2025-11-07T19:37:29-08:00,2,25
meta/main.js,311,js,f2833b34,Gabrielle Despaigne,2025-11-07,19:37:29,-08:00,2025-11-07T19:37:29-08:00,2,36
meta/main.js,312,js,f2833b34,Gabrielle Despaigne,2025-11-07,19:37:29,-08:00,2025-11-07T19:37:29-08:00,3,54
meta/main.js,313,js,f2833b34,Gabrielle Despaigne,2025-11-07,19:37:29,-08:00,2025-11-07T19:37:29-08:00,3,27
meta/main.js,314,js,f2833b34,Gabrielle Despaigne,2025-11-07,19:37:29,-08:00,2025-11-07T19:37:29-08:00,3,28
meta/main.js,315,js,f2833b34,Gabrielle Despaigne,2025-11-07,19:37:29,-08:00,2025-11-07T19:37:29-08:00,3,27
meta/main.js,316,js,f2833b34,Gabrielle Despaigne,2025-11-07,19:37:29,-08:00,2025-11-07T19:37:29-08:00,2,0
meta/main.js,317,js,f2833b34,Gabrielle Despaigne,2025-11-07,19:37:29,-08:00,2025-11-07T19:37:29-08:00,2,28
meta/main.js,318,js,f2833b34,Gabrielle Despaigne,2025-11-07,19:37:29,-08:00,2025-11-07T19:37:29-08:00,3,56
meta/main.js,319,js,f2833b34,Gabrielle Despaigne,2025-11-07,19:37:29,-08:00,2025-11-07T19:37:29-08:00,3,29
meta/main.js,320,js,f2833b34,Gabrielle Despaigne,2025-11-07,19:37:29,-08:00,2025-11-07T19:37:29-08:00,2,0
meta/main.js,321,js,f2833b34,Gabrielle Despaigne,2025-11-07,19:37:29,-08:00,2025-11-07T19:37:29-08:00,2,27
meta/main.js,322,js,f2833b34,Gabrielle Despaigne,2025-11-07,19:37:29,-08:00,2025-11-07T19:37:29-08:00,3,27
meta/main.js,323,js,f2833b34,Gabrielle Despaigne,2025-11-07,19:37:29,-08:00,2025-11-07T19:37:29-08:00,2,1
meta/main.js,324,js,f2833b34,Gabrielle Despaigne,2025-11-07,19:37:29,-08:00,2025-11-07T19:37:29-08:00,0,0
meta/main.js,325,js,f2833b34,Gabrielle Despaigne,2025-11-07,19:37:29,-08:00,2025-11-07T19:37:29-08:00,1,23
meta/main.js,326,js,f2833b34,Gabrielle Despaigne,2025-11-07,19:37:29,-08:00,2025-11-07T19:37:29-08:00,2,32
meta/main.js,327,js,f2833b34,Gabrielle Despaigne,2025-11-07,19:37:29,-08:00,2025-11-07T19:37:29-08:00,0,0
meta/main.js,328,js,f2833b34,Gabrielle Despaigne,2025-11-07,19:37:29,-08:00,2025-11-07T19:37:29-08:00,2,24
meta/main.js,329,js,f2833b34,Gabrielle Despaigne,2025-11-07,19:37:29,-08:00,2025-11-07T19:37:29-08:00,2,47
meta/main.js,330,js,f2833b34,Gabrielle Despaigne,2025-11-07,19:37:29,-08:00,2025-11-07T19:37:29-08:00,3,29
meta/main.js,331,js,f2833b34,Gabrielle Despaigne,2025-11-07,19:37:29,-08:00,2025-11-07T19:37:29-08:00,2,0
meta/main.js,332,js,f2833b34,Gabrielle Despaigne,2025-11-07,19:37:29,-08:00,2025-11-07T19:37:29-08:00,0,0
meta/main.js,333,js,f2833b34,Gabrielle Despaigne,2025-11-07,19:37:29,-08:00,2025-11-07T19:37:29-08:00,2,54
meta/main.js,334,js,f2833b34,Gabrielle Despaigne,2025-11-07,19:37:29,-08:00,2025-11-07T19:37:29-08:00,2,33
meta/main.js,335,js,f2833b34,Gabrielle Despaigne,2025-11-07,19:37:29,-08:00,2025-11-07T19:37:29-08:00,0,0
meta/main.js,336,js,f2833b34,Gabrielle Despaigne,2025-11-07,19:37:29,-08:00,2025-11-07T19:37:29-08:00,2,67
meta/main.js,337,js,f2833b34,Gabrielle Despaigne,2025-11-07,19:37:29,-08:00,2025-11-07T19:37:29-08:00,3,30
meta/main.js,338,js,f2833b34,Gabrielle Despaigne,2025-11-07,19:37:29,-08:00,2025-11-07T19:37:29-08:00,3,5
meta/main.js,339,js,f2833b34,Gabrielle Despaigne,2025-11-07,19:37:29,-08:00,2025-11-07T19:37:29-08:00,2,0
meta/main.js,340,js,f2833b34,Gabrielle Despaigne,2025-11-07,19:37:29,-08:00,2025-11-07T19:37:29-08:00,0,0
meta/main.js,341,js,f2833b34,Gabrielle Despaigne,2025-11-07,19:37:29,-08:00,2025-11-07T19:37:29-08:00,2,54
meta/main.js,342,js,f2833b34,Gabrielle Despaigne,2025-11-07,19:37:29,-08:00,2025-11-07T19:37:29-08:00,2,63
meta/main.js,343,js,f2833b34,Gabrielle Despaigne,2025-11-07,19:37:29,-08:00,2025-11-07T19:37:29-08:00,0,0
meta/main.js,344,js,f2833b34,Gabrielle Despaigne,2025-11-07,19:37:29,-08:00,2025-11-07T19:37:29-08:00,2,46
meta/main.js,345,js,f2833b34,Gabrielle Despaigne,2025-11-07,19:37:29,-08:00,2025-11-07T19:37:29-08:00,1,0
meta/main.js,346,js,f2833b34,Gabrielle Despaigne,2025-11-07,19:37:29,-08:00,2025-11-07T19:37:29-08:00,0,0
meta/main.js,347,js,f2833b34,Gabrielle Despaigne,2025-11-07,19:37:29,-08:00,2025-11-07T19:37:29-08:00,1,44
meta/main.js,348,js,f2833b34,Gabrielle Despaigne,2025-11-07,19:37:29,-08:00,2025-11-07T19:37:29-08:00,1,24
meta/main.js,349,js,f2833b34,Gabrielle Despaigne,2025-11-07,19:37:29,-08:00,2025-11-07T19:37:29-08:00,2,28
meta/main.js,350,js,f2833b34,Gabrielle Despaigne,2025-11-07,19:37:29,-08:00,2025-11-07T19:37:29-08:00,2,30
meta/main.js,351,js,f2833b34,Gabrielle Despaigne,2025-11-07,19:37:29,-08:00,2025-11-07T19:37:29-08:00,0,0
meta/main.js,352,js,f2833b34,Gabrielle Despaigne,2025-11-07,19:37:29,-08:00,2025-11-07T19:37:29-08:00,2,49
meta/main.js,353,js,f2833b34,Gabrielle Despaigne,2025-11-07,19:37:29,-08:00,2025-11-07T19:37:29-08:00,2,25
meta/main.js,354,js,f2833b34,Gabrielle Despaigne,2025-11-07,19:37:29,-08:00,2025-11-07T19:37:29-08:00,2,28
meta/main.js,355,js,f2833b34,Gabrielle Despaigne,2025-11-07,19:37:29,-08:00,2025-11-07T19:37:29-08:00,1,1
meta/main.js,356,js,f2833b34,Gabrielle Despaigne,2025-11-07,19:37:29,-08:00,2025-11-07T19:37:29-08:00,0,0
meta/main.js,357,js,f2833b34,Gabrielle Despaigne,2025-11-07,19:37:29,-08:00,2025-11-07T19:37:29-08:00,0,0
meta/main.js,358,js,f2833b34,Gabrielle Despaigne,2025-11-07,19:37:29,-08:00,2025-11-07T19:37:29-08:00,0,0
meta/main.js,359,js,e627faf0,Gabrielle Despaigne,2025-11-07,17:31:48,-08:00,2025-11-07T17:31:48-08:00,0,26
meta/main.js,360,js,00000000,Not Committed Yet,2025-11-20,21:39:20,-08:00,2025-11-20T21:39:20-08:00,0,73
meta/main.js,361,js,00000000,Not Committed Yet,2025-11-20,21:39:20,-08:00,2025-11-20T21:39:20-08:00,0,0
meta/main.js,362,js,00000000,Not Committed Yet,2025-11-20,21:39:20,-08:00,2025-11-20T21:39:20-08:00,0,28
meta/main.js,363,js,f2833b34,Gabrielle Despaigne,2025-11-07,19:37:29,-08:00,2025-11-07T19:37:29-08:00,0,0
meta/main.js,364,js,e627faf0,Gabrielle Despaigne,2025-11-07,17:31:48,-08:00,2025-11-07T17:31:48-08:00,0,30
meta/main.js,365,js,f2833b34,Gabrielle Despaigne,2025-11-07,19:37:29,-08:00,2025-11-07T19:37:29-08:00,0,31
meta/main.js,366,js,7a2ded4a,Gabrielle Despaigne,2025-11-20,20:14:48,-08:00,2025-11-20T20:14:48-08:00,0,0
meta/main.js,367,js,7a2ded4a,Gabrielle Despaigne,2025-11-20,20:14:48,-08:00,2025-11-20T20:14:48-08:00,0,23
meta/main.js,368,js,7a2ded4a,Gabrielle Despaigne,2025-11-20,20:14:48,-08:00,2025-11-20T20:14:48-08:00,0,0
meta/main.js,369,js,7a2ded4a,Gabrielle Despaigne,2025-11-20,20:14:48,-08:00,2025-11-20T20:14:48-08:00,0,16
meta/main.js,370,js,7a2ded4a,Gabrielle Despaigne,2025-11-20,20:14:48,-08:00,2025-11-20T20:14:48-08:00,1,10
meta/main.js,371,js,7a2ded4a,Gabrielle Despaigne,2025-11-20,20:14:48,-08:00,2025-11-20T20:14:48-08:00,1,7
meta/main.js,372,js,7a2ded4a,Gabrielle Despaigne,2025-11-20,20:14:48,-08:00,2025-11-20T20:14:48-08:00,2,33
meta/main.js,373,js,7a2ded4a,Gabrielle Despaigne,2025-11-20,20:14:48,-08:00,2025-11-20T20:14:48-08:00,2,33
meta/main.js,374,js,7a2ded4a,Gabrielle Despaigne,2025-11-20,20:14:48,-08:00,2025-11-20T20:14:48-08:00,1,0
meta/main.js,375,js,7a2ded4a,Gabrielle Despaigne,2025-11-20,20:14:48,-08:00,2025-11-20T20:14:48-08:00,1,14
meta/main.js,376,js,7a2ded4a,Gabrielle Despaigne,2025-11-20,20:14:48,-08:00,2025-11-20T20:14:48-08:00,0,51
meta/main.js,377,js,7a2ded4a,Gabrielle Despaigne,2025-11-20,20:14:48,-08:00,2025-11-20T20:14:48-08:00,0,0
meta/main.js,378,js,7a2ded4a,Gabrielle Despaigne,2025-11-20,20:14:48,-08:00,2025-11-20T20:14:48-08:00,0,29
meta/main.js,379,js,7a2ded4a,Gabrielle Despaigne,2025-11-20,20:14:48,-08:00,2025-11-20T20:14:48-08:00,1,72
meta/main.js,380,js,7a2ded4a,Gabrielle Despaigne,2025-11-20,20:14:48,-08:00,2025-11-20T20:14:48-08:00,1,0
meta/main.js,381,js,7a2ded4a,Gabrielle Despaigne,2025-11-20,20:14:48,-08:00,2025-11-20T20:14:48-08:00,1,47
meta/main.js,382,js,7a2ded4a,Gabrielle Despaigne,2025-11-20,20:14:48,-08:00,2025-11-20T20:14:48-08:00,1,0
meta/main.js,383,js,7a2ded4a,Gabrielle Despaigne,2025-11-20,20:14:48,-08:00,2025-11-20T20:14:48-08:00,1,87
meta/main.js,384,js,7a2ded4a,Gabrielle Despaigne,2025-11-20,20:14:48,-08:00,2025-11-20T20:14:48-08:00,2,16
meta/main.js,385,js,7a2ded4a,Gabrielle Despaigne,2025-11-20,20:14:48,-08:00,2025-11-20T20:14:48-08:00,2,16
meta/main.js,386,js,7a2ded4a,Gabrielle Despaigne,2025-11-20,20:14:48,-08:00,2025-11-20T20:14:48-08:00,1,1
meta/main.js,387,js,00000000,Not Committed Yet,2025-11-20,21:39:20,-08:00,2025-11-20T21:39:20-08:00,0,0
meta/main.js,388,js,00000000,Not Committed Yet,2025-11-20,21:39:20,-08:00,2025-11-20T21:39:20-08:00,1,67
meta/main.js,389,js,00000000,Not Committed Yet,2025-11-20,21:39:20,-08:00,2025-11-20T21:39:20-08:00,0,0
meta/main.js,390,js,00000000,Not Committed Yet,2025-11-20,21:39:20,-08:00,2025-11-20T21:39:20-08:00,1,38
meta/main.js,391,js,00000000,Not Committed Yet,2025-11-20,21:39:20,-08:00,2025-11-20T21:39:20-08:00,1,33
meta/main.js,392,js,7a2ded4a,Gabrielle Despaigne,2025-11-20,20:14:48,-08:00,2025-11-20T20:14:48-08:00,0,0
meta/main.js,393,js,7a2ded4a,Gabrielle Despaigne,2025-11-20,20:14:48,-08:00,2025-11-20T20:14:48-08:00,0,0
meta/main.js,394,js,7a2ded4a,Gabrielle Despaigne,2025-11-20,20:14:48,-08:00,2025-11-20T20:14:48-08:00,0,87
meta/main.js,395,js,7a2ded4a,Gabrielle Despaigne,2025-11-20,20:14:48,-08:00,2025-11-20T20:14:48-08:00,0,0
meta/main.js,396,js,00000000,Not Committed Yet,2025-11-20,21:39:20,-08:00,2025-11-20T21:39:20-08:00,0,19
meta/main.js,397,js,00000000,Not Committed Yet,2025-11-20,21:39:20,-08:00,2025-11-20T21:39:20-08:00,0,0
meta/main.js,398,js,00000000,Not Committed Yet,2025-11-20,21:39:20,-08:00,2025-11-20T21:39:20-08:00,0,41
meta/main.js,399,js,00000000,Not Committed Yet,2025-11-20,21:39:20,-08:00,2025-11-20T21:39:20-08:00,1,17
meta/main.js,400,js,00000000,Not Committed Yet,2025-11-20,21:39:20,-08:00,2025-11-20T21:39:20-08:00,1,17
meta/main.js,401,js,00000000,Not Committed Yet,2025-11-20,21:39:20,-08:00,2025-11-20T21:39:20-08:00,1,58
meta/main.js,402,js,00000000,Not Committed Yet,2025-11-20,21:39:20,-08:00,2025-11-20T21:39:20-08:00,0,0
meta/main.js,403,js,00000000,Not Committed Yet,2025-11-20,21:39:20,-08:00,2025-11-20T21:39:20-08:00,1,18
meta/main.js,404,js,00000000,Not Committed Yet,2025-11-20,21:39:20,-08:00,2025-11-20T21:39:20-08:00,2,14
meta/main.js,405,js,00000000,Not Committed Yet,2025-11-20,21:39:20,-08:00,2025-11-20T21:39:20-08:00,2,26
meta/main.js,406,js,00000000,Not Committed Yet,2025-11-20,21:39:20,-08:00,2025-11-20T21:39:20-08:00,2,29
meta/main.js,407,js,00000000,Not Committed Yet,2025-11-20,21:39:20,-08:00,2025-11-20T21:39:20-08:00,2,16
meta/main.js,408,js,00000000,Not Committed Yet,2025-11-20,21:39:20,-08:00,2025-11-20T21:39:20-08:00,2,40
meta/main.js,409,js,00000000,Not Committed Yet,2025-11-20,21:39:20,-08:00,2025-11-20T21:39:20-08:00,2,42
meta/main.js,410,js,00000000,Not Committed Yet,2025-11-20,21:39:20,-08:00,2025-11-20T21:39:20-08:00,1,0
meta/main.js,411,js,00000000,Not Committed Yet,2025-11-20,21:39:20,-08:00,2025-11-20T21:39:20-08:00,0,0
meta/main.js,412,js,00000000,Not Committed Yet,2025-11-20,21:39:20,-08:00,2025-11-20T21:39:20-08:00,1,44
meta/main.js,413,js,00000000,Not Committed Yet,2025-11-20,21:39:20,-08:00,2025-11-20T21:39:20-08:00,0,0
meta/main.js,414,js,00000000,Not Committed Yet,2025-11-20,21:39:20,-08:00,2025-11-20T21:39:20-08:00,1,60
meta/main.js,415,js,00000000,Not Committed Yet,2025-11-20,21:39:20,-08:00,2025-11-20T21:39:20-08:00,0,0
meta/main.js,416,js,00000000,Not Committed Yet,2025-11-20,21:39:20,-08:00,2025-11-20T21:39:20-08:00,1,67
meta/main.js,417,js,00000000,Not Committed Yet,2025-11-20,21:39:20,-08:00,2025-11-20T21:39:20-08:00,1,72
meta/main.js,418,js,00000000,Not Committed Yet,2025-11-20,21:39:20,-08:00,2025-11-20T21:39:20-08:00,0,0
meta/main.js,419,js,00000000,Not Committed Yet,2025-11-20,21:39:20,-08:00,2025-11-20T21:39:20-08:00,1,34
meta/main.js,420,js,00000000,Not Committed Yet,2025-11-20,21:39:20,-08:00,2025-11-20T21:39:20-08:00,1,40
meta/main.js,421,js,00000000,Not Committed Yet,2025-11-20,21:39:20,-08:00,2025-11-20T21:39:20-08:00,1,33
meta/main.js,422,js,00000000,Not Committed Yet,2025-11-20,21:39:20,-08:00,2025-11-20T21:39:20-08:00,1,21
meta/main.js,423,js,00000000,Not Committed Yet,2025-11-20,21:39:20,-08:00,2025-11-20T21:39:20-08:00,0,0
meta/main.js,424,js,00000000,Not Committed Yet,2025-11-20,21:39:20,-08:00,2025-11-20T21:39:20-08:00,1,32
meta/main.js,425,js,00000000,Not Committed Yet,2025-11-20,21:39:20,-08:00,2025-11-20T21:39:20-08:00,1,59
meta/main.js,426,js,00000000,Not Committed Yet,2025-11-20,21:39:20,-08:00,2025-11-20T21:39:20-08:00,0,0
meta/main.js,427,js,00000000,Not Committed Yet,2025-11-20,21:39:20,-08:00,2025-11-20T21:39:20-08:00,1,2
meta/main.js,428,js,00000000,Not Committed Yet,2025-11-20,21:39:20,-08:00,2025-11-20T21:39:20-08:00,2,18
meta/main.js,429,js,00000000,Not Committed Yet,2025-11-20,21:39:20,-08:00,2025-11-20T21:39:20-08:00,2,31
meta/main.js,430,js,00000000,Not Committed Yet,2025-11-20,21:39:20,-08:00,2025-11-20T21:39:20-08:00,2,13
meta/main.js,431,js,00000000,Not Committed Yet,2025-11-20,21:39:20,-08:00,2025-11-20T21:39:20-08:00,2,36
meta/main.js,432,js,00000000,Not Committed Yet,2025-11-20,21:39:20,-08:00,2025-11-20T21:39:20-08:00,2,36
meta/main.js,433,js,00000000,Not Committed Yet,2025-11-20,21:39:20,-08:00,2025-11-20T21:39:20-08:00,2,37
meta/main.js,434,js,00000000,Not Committed Yet,2025-11-20,21:39:20,-08:00,2025-11-20T21:39:20-08:00,2,40
meta/main.js,435,js,00000000,Not Committed Yet,2025-11-20,21:39:20,-08:00,2025-11-20T21:39:20-08:00,2,22
meta/main.js,436,js,00000000,Not Committed Yet,2025-11-20,21:39:20,-08:00,2025-11-20T21:39:20-08:00,2,25
meta/main.js,437,js,00000000,Not Committed Yet,2025-11-20,21:39:20,-08:00,2025-11-20T21:39:20-08:00,2,36
meta/main.js,438,js,00000000,Not Committed Yet,2025-11-20,21:39:20,-08:00,2025-11-20T21:39:20-08:00,3,54
meta/main.js,439,js,00000000,Not Committed Yet,2025-11-20,21:39:20,-08:00,2025-11-20T21:39:20-08:00,3,27
meta/main.js,440,js,00000000,Not Committed Yet,2025-11-20,21:39:20,-08:00,2025-11-20T21:39:20-08:00,3,28
meta/main.js,441,js,00000000,Not Committed Yet,2025-11-20,21:39:20,-08:00,2025-11-20T21:39:20-08:00,3,27
meta/main.js,442,js,00000000,Not Committed Yet,2025-11-20,21:39:20,-08:00,2025-11-20T21:39:20-08:00,2,0
meta/main.js,443,js,00000000,Not Committed Yet,2025-11-20,21:39:20,-08:00,2025-11-20T21:39:20-08:00,2,28
meta/main.js,444,js,00000000,Not Committed Yet,2025-11-20,21:39:20,-08:00,2025-11-20T21:39:20-08:00,3,56
meta/main.js,445,js,00000000,Not Committed Yet,2025-11-20,21:39:20,-08:00,2025-11-20T21:39:20-08:00,3,29
meta/main.js,446,js,00000000,Not Committed Yet,2025-11-20,21:39:20,-08:00,2025-11-20T21:39:20-08:00,2,0
meta/main.js,447,js,00000000,Not Committed Yet,2025-11-20,21:39:20,-08:00,2025-11-20T21:39:20-08:00,2,27
meta/main.js,448,js,00000000,Not Committed Yet,2025-11-20,21:39:20,-08:00,2025-11-20T21:39:20-08:00,3,27
meta/main.js,449,js,00000000,Not Committed Yet,2025-11-20,21:39:20,-08:00,2025-11-20T21:39:20-08:00,2,1
meta/main.js,450,js,00000000,Not Committed Yet,2025-11-20,21:39:20,-08:00,2025-11-20T21:39:20-08:00,0,0
meta/main.js,451,js,00000000,Not Committed Yet,2025-11-20,21:39:20,-08:00,2025-11-20T21:39:20-08:00,0,0
meta/main.js,452,js,00000000,Not Committed Yet,2025-11-20,21:39:20,-08:00,2025-11-20T21:39:20-08:00,0,58
meta/main.js,453,js,00000000,Not Committed Yet,2025-11-20,21:39:20,-08:00,2025-11-20T21:39:20-08:00,0,0
meta/main.js,454,js,00000000,Not Committed Yet,2025-11-20,21:39:20,-08:00,2025-11-20T21:39:20-08:00,0,12
meta/main.js,455,js,00000000,Not Committed Yet,2025-11-20,21:39:20,-08:00,2025-11-20T21:39:20-08:00,1,35
meta/main.js,456,js,00000000,Not Committed Yet,2025-11-20,21:39:20,-08:00,2025-11-20T21:39:20-08:00,1,23
meta/main.js,457,js,00000000,Not Committed Yet,2025-11-20,21:39:20,-08:00,2025-11-20T21:39:20-08:00,2,21
meta/main.js,458,js,00000000,Not Committed Yet,2025-11-20,21:39:20,-08:00,2025-11-20T21:39:20-08:00,1,1
meta/main.js,459,js,00000000,Not Committed Yet,2025-11-20,21:39:20,-08:00,2025-11-20T21:39:20-08:00,0,0
meta/main.js,460,js,00000000,Not Committed Yet,2025-11-20,21:39:20,-08:00,2025-11-20T21:39:20-08:00,1,43
meta/main.js,461,js,00000000,Not Committed Yet,2025-11-20,21:39:20,-08:00,2025-11-20T21:39:20-08:00,2,50
meta/main.js,462,js,00000000,Not Committed Yet,2025-11-20,21:39:20,-08:00,2025-11-20T21:39:20-08:00,2,0
meta/main.js,463,js,00000000,Not Committed Yet,2025-11-20,21:39:20,-08:00,2025-11-20T21:39:20-08:00,2,12
meta/main.js,464,js,00000000,Not Committed Yet,2025-11-20,21:39:20,-08:00,2025-11-20T21:39:20-08:00,3,27
meta/main.js,465,js,00000000,Not Committed Yet,2025-11-20,21:39:20,-08:00,2025-11-20T21:39:20-08:00,3,23
meta/main.js,466,js,00000000,Not Committed Yet,2025-11-20,21:39:20,-08:00,2025-11-20T21:39:20-08:00,4,21
meta/main.js,467,js,00000000,Not Committed Yet,2025-11-20,21:39:20,-08:00,2025-11-20T21:39:20-08:00,3,0
meta/main.js,468,js,00000000,Not Committed Yet,2025-11-20,21:39:20,-08:00,2025-11-20T21:39:20-08:00,3,47
meta/main.js,469,js,00000000,Not Committed Yet,2025-11-20,21:39:20,-08:00,2025-11-20T21:39:20-08:00,1,0
meta/main.js,470,js,00000000,Not Committed Yet,2025-11-20,21:39:20,-08:00,2025-11-20T21:39:20-08:00,2,21
meta/main.js,471,js,00000000,Not Committed Yet,2025-11-20,21:39:20,-08:00,2025-11-20T21:39:20-08:00,3,15
meta/main.js,472,js,00000000,Not Committed Yet,2025-11-20,21:39:20,-08:00,2025-11-20T21:39:20-08:00,3,15
meta/main.js,473,js,00000000,Not Committed Yet,2025-11-20,21:39:20,-08:00,2025-11-20T21:39:20-08:00,3,25
meta/main.js,474,js,00000000,Not Committed Yet,2025-11-20,21:39:20,-08:00,2025-11-20T21:39:20-08:00,3,4
meta/main.js,475,js,00000000,Not Committed Yet,2025-11-20,21:39:20,-08:00,2025-11-20T21:39:20-08:00,4,8
meta/main.js,476,js,00000000,Not Committed Yet,2025-11-20,21:39:20,-08:00,2025-11-20T21:39:20-08:00,5,33
meta/main.js,477,js,00000000,Not Committed Yet,2025-11-20,21:39:20,-08:00,2025-11-20T21:39:20-08:00,6,30
meta/main.js,478,js,00000000,Not Committed Yet,2025-11-20,21:39:20,-08:00,2025-11-20T21:39:20-08:00,6,15
meta/main.js,479,js,00000000,Not Committed Yet,2025-11-20,21:39:20,-08:00,2025-11-20T21:39:20-08:00,5,1
meta/main.js,480,js,00000000,Not Committed Yet,2025-11-20,21:39:20,-08:00,2025-11-20T21:39:20-08:00,3,0
meta/main.js,481,js,00000000,Not Committed Yet,2025-11-20,21:39:20,-08:00,2025-11-20T21:39:20-08:00,1,0
meta/main.js,482,js,00000000,Not Committed Yet,2025-11-20,21:39:20,-08:00,2025-11-20T21:39:20-08:00,3,99
meta/main.js,483,js,00000000,Not Committed Yet,2025-11-20,21:39:20,-08:00,2025-11-20T21:39:20-08:00,0,0
meta/main.js,484,js,00000000,Not Committed Yet,2025-11-20,21:39:20,-08:00,2025-11-20T21:39:20-08:00,3,12
meta/main.js,485,js,00000000,Not Committed Yet,2025-11-20,21:39:20,-08:00,2025-11-20T21:39:20-08:00,3,11
meta/main.js,486,js,00000000,Not Committed Yet,2025-11-20,21:39:20,-08:00,2025-11-20T21:39:20-08:00,3,15
meta/main.js,487,js,00000000,Not Committed Yet,2025-11-20,21:39:20,-08:00,2025-11-20T21:39:20-08:00,3,19
meta/main.js,488,js,00000000,Not Committed Yet,2025-11-20,21:39:20,-08:00,2025-11-20T21:39:20-08:00,3,10
meta/main.js,489,js,00000000,Not Committed Yet,2025-11-20,21:39:20,-08:00,2025-11-20T21:39:20-08:00,3,19
meta/main.js,490,js,00000000,Not Committed Yet,2025-11-20,21:39:20,-08:00,2025-11-20T21:39:20-08:00,3,39
meta/main.js,491,js,00000000,Not Committed Yet,2025-11-20,21:39:20,-08:00,2025-11-20T21:39:20-08:00,2,0
meta/main.js,492,js,00000000,Not Committed Yet,2025-11-20,21:39:20,-08:00,2025-11-20T21:39:20-08:00,0,0
meta/main.js,493,js,00000000,Not Committed Yet,2025-11-20,21:39:20,-08:00,2025-11-20T21:39:20-08:00,0,33
meta/main.js,494,js,00000000,Not Committed Yet,2025-11-20,21:39:20,-08:00,2025-11-20T21:39:20-08:00,0,0
meta/main.js,495,js,00000000,Not Committed Yet,2025-11-20,21:39:20,-08:00,2025-11-20T21:39:20-08:00,0,29
meta/main.js,496,js,00000000,Not Committed Yet,2025-11-20,21:39:20,-08:00,2025-11-20T21:39:20-08:00,1,25
meta/main.js,497,js,00000000,Not Committed Yet,2025-11-20,21:39:20,-08:00,2025-11-20T21:39:20-08:00,2,17
meta/main.js,498,js,00000000,Not Committed Yet,2025-11-20,21:39:20,-08:00,2025-11-20T21:39:20-08:00,2,12
meta/main.js,499,js,00000000,Not Committed Yet,2025-11-20,21:39:20,-08:00,2025-11-20T21:39:20-08:00,2,10
meta/main.js,500,js,00000000,Not Committed Yet,2025-11-20,21:39:20,-08:00,2025-11-20T21:39:20-08:00,2,20
meta/main.js,501,js,00000000,Not Committed Yet,2025-11-20,21:39:20,-08:00,2025-11-20T21:39:20-08:00,2,4
meta/main.js,502,js,00000000,Not Committed Yet,2025-11-20,21:39:20,-08:00,2025-11-20T21:39:20-08:00,3,9
meta/main.js,503,js,00000000,Not Committed Yet,2025-11-20,21:39:20,-08:00,2025-11-20T21:39:20-08:00,4,36
meta/main.js,504,js,00000000,Not Committed Yet,2025-11-20,21:39:20,-08:00,2025-11-20T21:39:20-08:00,5,16
meta/main.js,505,js,00000000,Not Committed Yet,2025-11-20,21:39:20,-08:00,2025-11-20T21:39:20-08:00,5,17
meta/main.js,506,js,00000000,Not Committed Yet,2025-11-20,21:39:20,-08:00,2025-11-20T21:39:20-08:00,4,2
meta/main.js,507,js,00000000,Not Committed Yet,2025-11-20,21:39:20,-08:00,2025-11-20T21:39:20-08:00,4,42
meta/main.js,508,js,00000000,Not Committed Yet,2025-11-20,21:39:20,-08:00,2025-11-20T21:39:20-08:00,5,72
meta/main.js,509,js,00000000,Not Committed Yet,2025-11-20,21:39:20,-08:00,2025-11-20T21:39:20-08:00,4,4
meta/main.js,510,js,00000000,Not Committed Yet,2025-11-20,21:39:20,-08:00,2025-11-20T21:39:20-08:00,4,38
meta/main.js,511,js,00000000,Not Committed Yet,2025-11-20,21:39:20,-08:00,2025-11-20T21:39:20-08:00,5,9
meta/main.js,512,js,00000000,Not Committed Yet,2025-11-20,21:39:20,-08:00,2025-11-20T21:39:20-08:00,6,6
meta/main.js,513,js,00000000,Not Committed Yet,2025-11-20,21:39:20,-08:00,2025-11-20T21:39:20-08:00,6,14
meta/main.js,514,js,00000000,Not Committed Yet,2025-11-20,21:39:20,-08:00,2025-11-20T21:39:20-08:00,6,12
meta/main.js,515,js,00000000,Not Committed Yet,2025-11-20,21:39:20,-08:00,2025-11-20T21:39:20-08:00,5,6
meta/main.js,516,js,00000000,Not Committed Yet,2025-11-20,21:39:20,-08:00,2025-11-20T21:39:20-08:00,4,6
meta/main.js,517,js,00000000,Not Committed Yet,2025-11-20,21:39:20,-08:00,2025-11-20T21:39:20-08:00,4,65
meta/main.js,518,js,00000000,Not Committed Yet,2025-11-20,21:39:20,-08:00,2025-11-20T21:39:20-08:00,3,0
meta/main.js,519,js,00000000,Not Committed Yet,2025-11-20,21:39:20,-08:00,2025-11-20T21:39:20-08:00,2,0
meta/main.js,520,js,00000000,Not Committed Yet,2025-11-20,21:39:20,-08:00,2025-11-20T21:39:20-08:00,0,0
meta/main.js,521,js,00000000,Not Committed Yet,2025-11-20,21:39:20,-08:00,2025-11-20T21:39:20-08:00,0,0
meta/main.js,522,js,00000000,Not Committed Yet,2025-11-20,21:39:20,-08:00,2025-11-20T21:39:20-08:00,0,19
meta/main.js,523,js,00000000,Not Committed Yet,2025-11-20,21:39:20,-08:00,2025-11-20T21:39:20-08:00,0,0
meta/main.js,524,js,00000000,Not Committed Yet,2025-11-20,21:39:20,-08:00,2025-11-20T21:39:20-08:00,0,30
meta/main.js,525,js,00000000,Not Committed Yet,2025-11-20,21:39:20,-08:00,2025-11-20T21:39:20-08:00,1,39
meta/main.js,526,js,00000000,Not Committed Yet,2025-11-20,21:39:20,-08:00,2025-11-20T21:39:20-08:00,1,0
meta/main.js,527,js,00000000,Not Committed Yet,2025-11-20,21:39:20,-08:00,2025-11-20T21:39:20-08:00,1,30
meta/main.js,528,js,00000000,Not Committed Yet,2025-11-20,21:39:20,-08:00,2025-11-20T21:39:20-08:00,1,0
meta/main.js,529,js,00000000,Not Committed Yet,2025-11-20,21:39:20,-08:00,2025-11-20T21:39:20-08:00,1,67
meta/main.js,530,js,00000000,Not Committed Yet,2025-11-20,21:39:20,-08:00,2025-11-20T21:39:20-08:00,0,0
meta/main.js,531,js,00000000,Not Committed Yet,2025-11-20,21:39:20,-08:00,2025-11-20T21:39:20-08:00,1,39
meta/main.js,532,js,00000000,Not Committed Yet,2025-11-20,21:39:20,-08:00,2025-11-20T21:39:20-08:00,1,33
meta/main.js,533,js,00000000,Not Committed Yet,2025-11-20,21:39:20,-08:00,2025-11-20T21:39:20-08:00,0,0
meta/main.js,534,js,00000000,Not Committed Yet,2025-11-20,21:39:20,-08:00,2025-11-20T21:39:20-08:00,0,0
meta/main.js,535,js,00000000,Not Committed Yet,2025-11-20,21:39:20,-08:00,2025-11-20T21:39:20-08:00,0,27
meta/main.js,536,js,00000000,Not Committed Yet,2025-11-20,21:39:20,-08:00,2025-11-20T21:39:20-08:00,0,0
meta/main.js,537,js,00000000,Not Committed Yet,2025-11-20,21:39:20,-08:00,2025-11-20T21:39:20-08:00,0,6
meta/main.js,538,js,00000000,Not Committed Yet,2025-11-20,21:39:20,-08:00,2025-11-20T21:39:20-08:00,1,6
meta/main.js,539,js,00000000,Not Committed Yet,2025-11-20,21:39:20,-08:00,2025-11-20T21:39:20-08:00,2,22
meta/main.js,540,js,00000000,Not Committed Yet,2025-11-20,21:39:20,-08:00,2025-11-20T21:39:20-08:00,2,23
meta/main.js,541,js,00000000,Not Committed Yet,2025-11-20,21:39:20,-08:00,2025-11-20T21:39:20-08:00,1,0
meta/main.js,542,js,00000000,Not Committed Yet,2025-11-20,21:39:20,-08:00,2025-11-20T21:39:20-08:00,1,24
meta/main.js,543,js,00000000,Not Committed Yet,2025-11-20,21:39:20,-08:00,2025-11-20T21:39:20-08:00,0,0
meta/main.js,544,js,00000000,Not Committed Yet,2025-11-20,21:39:20,-08:00,2025-11-20T21:39:20-08:00,1,34
meta/main.js,545,js,00000000,Not Committed Yet,2025-11-20,21:39:20,-08:00,2025-11-20T21:39:20-08:00,2,23
meta/main.js,546,js,00000000,Not Committed Yet,2025-11-20,21:39:20,-08:00,2025-11-20T21:39:20-08:00,3,17
meta/main.js,547,js,00000000,Not Committed Yet,2025-11-20,21:39:20,-08:00,2025-11-20T21:39:20-08:00,3,12
meta/main.js,548,js,00000000,Not Committed Yet,2025-11-20,21:39:20,-08:00,2025-11-20T21:39:20-08:00,3,10
meta/main.js,549,js,00000000,Not Committed Yet,2025-11-20,21:39:20,-08:00,2025-11-20T21:39:20-08:00,3,20
meta/main.js,550,js,00000000,Not Committed Yet,2025-11-20,21:39:20,-08:00,2025-11-20T21:39:20-08:00,3,4
meta/main.js,551,js,00000000,Not Committed Yet,2025-11-20,21:39:20,-08:00,2025-11-20T21:39:20-08:00,4,9
meta/main.js,552,js,00000000,Not Committed Yet,2025-11-20,21:39:20,-08:00,2025-11-20T21:39:20-08:00,5,36
meta/main.js,553,js,00000000,Not Committed Yet,2025-11-20,21:39:20,-08:00,2025-11-20T21:39:20-08:00,6,16
meta/main.js,554,js,00000000,Not Committed Yet,2025-11-20,21:39:20,-08:00,2025-11-20T21:39:20-08:00,6,17
meta/main.js,555,js,00000000,Not Committed Yet,2025-11-20,21:39:20,-08:00,2025-11-20T21:39:20-08:00,5,2
meta/main.js,556,js,00000000,Not Committed Yet,2025-11-20,21:39:20,-08:00,2025-11-20T21:39:20-08:00,5,59
meta/main.js,557,js,00000000,Not Committed Yet,2025-11-20,21:39:20,-08:00,2025-11-20T21:39:20-08:00,6,72
meta/main.js,558,js,00000000,Not Committed Yet,2025-11-20,21:39:20,-08:00,2025-11-20T21:39:20-08:00,5,4
meta/main.js,559,js,00000000,Not Committed Yet,2025-11-20,21:39:20,-08:00,2025-11-20T21:39:20-08:00,5,38
meta/main.js,560,js,00000000,Not Committed Yet,2025-11-20,21:39:20,-08:00,2025-11-20T21:39:20-08:00,6,9
meta/main.js,561,js,00000000,Not Committed Yet,2025-11-20,21:39:20,-08:00,2025-11-20T21:39:20-08:00,7,6
meta/main.js,562,js,00000000,Not Committed Yet,2025-11-20,21:39:20,-08:00,2025-11-20T21:39:20-08:00,7,14
meta/main.js,563,js,00000000,Not Committed Yet,2025-11-20,21:39:20,-08:00,2025-11-20T21:39:20-08:00,7,12
meta/main.js,564,js,00000000,Not Committed Yet,2025-11-20,21:39:20,-08:00,2025-11-20T21:39:20-08:00,6,6
meta/main.js,565,js,00000000,Not Committed Yet,2025-11-20,21:39:20,-08:00,2025-11-20T21:39:20-08:00,5,6
meta/main.js,566,js,00000000,Not Committed Yet,2025-11-20,21:39:20,-08:00,2025-11-20T21:39:20-08:00,5,65
meta/main.js,567,js,00000000,Not Committed Yet,2025-11-20,21:39:20,-08:00,2025-11-20T21:39:20-08:00,4,0
meta/main.js,568,js,00000000,Not Committed Yet,2025-11-20,21:39:20,-08:00,2025-11-20T21:39:20-08:00,3,0
meta/main.js,569,js,00000000,Not Committed Yet,2025-11-20,21:39:20,-08:00,2025-11-20T21:39:20-08:00,1,0
meta/main.js,570,js,00000000,Not Committed Yet,2025-11-20,21:39:20,-08:00,2025-11-20T21:39:20-08:00,1,0
meta/main.js,571,js,00000000,Not Committed Yet,2025-11-20,21:39:20,-08:00,2025-11-20T21:39:20-08:00,1,24
meta/main.js,572,js,00000000,Not Committed Yet,2025-11-20,21:39:20,-08:00,2025-11-20T21:39:20-08:00,0,0
meta/main.js,573,js,00000000,Not Committed Yet,2025-11-20,21:39:20,-08:00,2025-11-20T21:39:20-08:00,1,35
meta/main.js,574,js,00000000,Not Committed Yet,2025-11-20,21:39:20,-08:00,2025-11-20T21:39:20-08:00,2,39
meta/main.js,575,js,00000000,Not Committed Yet,2025-11-20,21:39:20,-08:00,2025-11-20T21:39:20-08:00,2,0
meta/main.js,576,js,00000000,Not Committed Yet,2025-11-20,21:39:20,-08:00,2025-11-20T21:39:20-08:00,2,76
meta/main.js,577,js,00000000,Not Committed Yet,2025-11-20,21:39:20,-08:00,2025-11-20T21:39:20-08:00,2,0
meta/main.js,578,js,00000000,Not Committed Yet,2025-11-20,21:39:20,-08:00,2025-11-20T21:39:20-08:00,2,34
meta/main.js,579,js,00000000,Not Committed Yet,2025-11-20,21:39:20,-08:00,2025-11-20T21:39:20-08:00,1,0
meta/main.js,580,js,00000000,Not Committed Yet,2025-11-20,21:39:20,-08:00,2025-11-20T21:39:20-08:00,1,0
meta/main.js,581,js,00000000,Not Committed Yet,2025-11-20,21:39:20,-08:00,2025-11-20T21:39:20-08:00,1,28
meta/main.js,582,js,00000000,Not Committed Yet,2025-11-20,21:39:20,-08:00,2025-11-20T21:39:20-08:00,1,0
meta/main.js,583,js,00000000,Not Committed Yet,2025-11-20,21:39:20,-08:00,2025-11-20T21:39:20-08:00,1,7
meta/main.js,584,js,00000000,Not Committed Yet,2025-11-20,21:39:20,-08:00,2025-11-20T21:39:20-08:00,2,6
meta/main.js,585,js,00000000,Not Committed Yet,2025-11-20,21:39:20,-08:00,2025-11-20T21:39:20-08:00,3,22
meta/main.js,586,js,00000000,Not Committed Yet,2025-11-20,21:39:20,-08:00,2025-11-20T21:39:20-08:00,3,23
meta/main.js,587,js,00000000,Not Committed Yet,2025-11-20,21:39:20,-08:00,2025-11-20T21:39:20-08:00,2,0
meta/main.js,588,js,00000000,Not Committed Yet,2025-11-20,21:39:20,-08:00,2025-11-20T21:39:20-08:00,2,29
meta/index.html,1,html,bfda85a3,Gabrielle Despaigne,2025-11-07,16:51:44,-08:00,2025-11-07T16:51:44-08:00,0,13
meta/index.html,2,html,bfda85a3,Gabrielle Despaigne,2025-11-07,16:51:44,-08:00,2025-11-07T16:51:44-08:00,0,14
meta/index.html,3,html,bfda85a3,Gabrielle Despaigne,2025-11-07,16:51:44,-08:00,2025-11-07T16:51:44-08:00,0,4
meta/index.html,4,html,a8f91c2e,Gabrielle Despaigne,2025-11-07,17:25:21,-08:00,2025-11-07T17:25:21-08:00,1,22
meta/index.html,5,html,a8f91c2e,Gabrielle Despaigne,2025-11-07,17:25:21,-08:00,2025-11-07T17:25:21-08:00,1,70
meta/index.html,6,html,a8f91c2e,Gabrielle Despaigne,2025-11-07,17:25:21,-08:00,2025-11-07T17:25:21-08:00,1,17
meta/index.html,7,html,ae7012f3,Gabrielle Despaigne,2025-11-07,16:59:51,-08:00,2025-11-07T16:59:51-08:00,0,0
meta/index.html,8,html,2d66411f,Gabrielle Despaigne,2025-11-07,17:53:26,-08:00,2025-11-07T17:53:26-08:00,1,43
meta/index.html,9,html,2d66411f,Gabrielle Despaigne,2025-11-07,17:53:26,-08:00,2025-11-07T17:53:26-08:00,1,48
meta/index.html,10,html,2d66411f,Gabrielle Despaigne,2025-11-07,17:53:26,-08:00,2025-11-07T17:53:26-08:00,1,45
meta/index.html,11,html,bfda85a3,Gabrielle Despaigne,2025-11-07,16:51:44,-08:00,2025-11-07T16:51:44-08:00,0,5
meta/index.html,12,html,bfda85a3,Gabrielle Despaigne,2025-11-07,16:51:44,-08:00,2025-11-07T16:51:44-08:00,0,4
meta/index.html,13,html,a8f91c2e,Gabrielle Despaigne,2025-11-07,17:25:21,-08:00,2025-11-07T17:25:21-08:00,1,4
meta/index.html,14,html,bfda85a3,Gabrielle Despaigne,2025-11-07,16:51:44,-08:00,2025-11-07T16:51:44-08:00,2,11
meta/index.html,15,html,bfda85a3,Gabrielle Despaigne,2025-11-07,16:51:44,-08:00,2025-11-07T16:51:44-08:00,2,1
meta/index.html,16,html,a8f91c2e,Gabrielle Despaigne,2025-11-07,17:25:21,-08:00,2025-11-07T17:25:21-08:00,3,54
meta/index.html,17,html,bfda85a3,Gabrielle Despaigne,2025-11-07,16:51:44,-08:00,2025-11-07T16:51:44-08:00,2,2
meta/index.html,18,html,f2833b34,Gabrielle Despaigne,2025-11-07,19:37:29,-08:00,2025-11-07T19:37:29-08:00,0,5
meta/index.html,19,html,2d66411f,Gabrielle Despaigne,2025-11-07,17:53:26,-08:00,2025-11-07T17:53:26-08:00,2,14
meta/index.html,20,html,a8f91c2e,Gabrielle Despaigne,2025-11-07,17:25:21,-08:00,2025-11-07T17:25:21-08:00,0,0
meta/index.html,21,html,a8f91c2e,Gabrielle Despaigne,2025-11-07,17:25:21,-08:00,2025-11-07T17:25:21-08:00,2,20
meta/index.html,22,html,f2833b34,Gabrielle Despaigne,2025-11-07,19:37:29,-08:00,2025-11-07T19:37:29-08:00,0,5
meta/index.html,23,html,00000000,Not Committed Yet,2025-11-20,21:39:20,-08:00,2025-11-20T21:39:20-08:00,0,0
meta/index.html,24,html,00000000,Not Committed Yet,2025-11-20,21:39:20,-08:00,2025-11-20T21:39:20-08:00,0,23
meta/index.html,25,html,00000000,Not Committed Yet,2025-11-20,21:39:20,-08:00,2025-11-20T21:39:20-08:00,1,5
meta/index.html,26,html,00000000,Not Committed Yet,2025-11-20,21:39:20,-08:00,2025-11-20T21:39:20-08:00,2,17
meta/index.html,27,html,00000000,Not Committed Yet,2025-11-20,21:39:20,-08:00,2025-11-20T21:39:20-08:00,2,70
meta/index.html,28,html,00000000,Not Committed Yet,2025-11-20,21:39:20,-08:00,2025-11-20T21:39:20-08:00,2,28
meta/index.html,29,html,00000000,Not Committed Yet,2025-11-20,21:39:20,-08:00,2025-11-20T21:39:20-08:00,1,6
meta/index.html,30,html,00000000,Not Committed Yet,2025-11-20,21:39:20,-08:00,2025-11-20T21:39:20-08:00,0,4
meta/index.html,31,html,00000000,Not Committed Yet,2025-11-20,21:39:20,-08:00,2025-11-20T21:39:20-08:00,0,5
meta/index.html,32,html,00000000,Not Committed Yet,2025-11-20,21:39:20,-08:00,2025-11-20T21:39:20-08:00,0,18
meta/index.html,33,html,00000000,Not Committed Yet,2025-11-20,21:39:20,-08:00,2025-11-20T21:39:20-08:00,1,28
meta/index.html,34,html,00000000,Not Committed Yet,2025-11-20,21:39:20,-08:00,2025-11-20T21:39:20-08:00,0,0
meta/index.html,35,html,00000000,Not Committed Yet,2025-11-20,21:39:20,-08:00,2025-11-20T21:39:20-08:00,1,21
meta/index.html,36,html,00000000,Not Committed Yet,2025-11-20,21:39:20,-08:00,2025-11-20T21:39:20-08:00,2,29
meta/index.html,37,html,f2833b34,Gabrielle Despaigne,2025-11-07,19:37:29,-08:00,2025-11-07T19:37:29-08:00,2,20
meta/index.html,38,html,f2833b34,Gabrielle Despaigne,2025-11-07,19:37:29,-08:00,2025-11-07T19:37:29-08:00,0,0
meta/index.html,39,html,f2833b34,Gabrielle Despaigne,2025-11-07,19:37:29,-08:00,2025-11-07T19:37:29-08:00,2,50
meta/index.html,40,html,00000000,Not Committed Yet,2025-11-20,21:39:20,-08:00,2025-11-20T21:39:20-08:00,3,13
meta/index.html,41,html,00000000,Not Committed Yet,2025-11-20,21:39:20,-08:00,2025-11-20T21:39:20-08:00,3,2
meta/index.html,42,html,00000000,Not Committed Yet,2025-11-20,21:39:20,-08:00,2025-11-20T21:39:20-08:00,4,46
meta/index.html,43,html,00000000,Not Committed Yet,2025-11-20,21:39:20,-08:00,2025-11-20T21:39:20-08:00,3,3
meta/index.html,44,html,00000000,Not Committed Yet,2025-11-20,21:39:20,-08:00,2025-11-20T21:39:20-08:00,2,0
meta/index.html,45,html,00000000,Not Committed Yet,2025-11-20,21:39:20,-08:00,2025-11-20T21:39:20-08:00,3,11
meta/index.html,46,html,00000000,Not Committed Yet,2025-11-20,21:39:20,-08:00,2025-11-20T21:39:20-08:00,3,24
meta/index.html,47,html,00000000,Not Committed Yet,2025-11-20,21:39:20,-08:00,2025-11-20T21:39:20-08:00,2,0
meta/index.html,48,html,00000000,Not Committed Yet,2025-11-20,21:39:20,-08:00,2025-11-20T21:39:20-08:00,3,11
meta/index.html,49,html,00000000,Not Committed Yet,2025-11-20,21:39:20,-08:00,2025-11-20T21:39:20-08:00,3,24
meta/index.html,50,html,00000000,Not Committed Yet,2025-11-20,21:39:20,-08:00,2025-11-20T21:39:20-08:00,2,0
meta/index.html,51,html,00000000,Not Committed Yet,2025-11-20,21:39:20,-08:00,2025-11-20T21:39:20-08:00,3,13
meta/index.html,52,html,00000000,Not Committed Yet,2025-11-20,21:39:20,-08:00,2025-11-20T21:39:20-08:00,3,26
meta/index.html,53,html,00000000,Not Committed Yet,2025-11-20,21:39:20,-08:00,2025-11-20T21:39:20-08:00,2,0
meta/index.html,54,html,00000000,Not Committed Yet,2025-11-20,21:39:20,-08:00,2025-11-20T21:39:20-08:00,3,19
meta/index.html,55,html,00000000,Not Committed Yet,2025-11-20,21:39:20,-08:00,2025-11-20T21:39:20-08:00,3,25
meta/index.html,56,html,00000000,Not Committed Yet,2025-11-20,21:39:20,-08:00,2025-11-20T21:39:20-08:00,2,3
meta/index.html,57,html,00000000,Not Committed Yet,2025-11-20,21:39:20,-08:00,2025-11-20T21:39:20-08:00,0,0
meta/index.html,58,html,00000000,Not Committed Yet,2025-11-20,21:39:20,-08:00,2025-11-20T21:39:20-08:00,2,45
meta/index.html,59,html,00000000,Not Committed Yet,2025-11-20,21:39:20,-08:00,2025-11-20T21:39:20-08:00,2,45
meta/index.html,60,html,00000000,Not Committed Yet,2025-11-20,21:39:20,-08:00,2025-11-20T21:39:20-08:00,1,4
meta/index.html,61,html,00000000,Not Committed Yet,2025-11-20,21:39:20,-08:00,2025-11-20T21:39:20-08:00,0,4
meta/index.html,62,html,f2833b34,Gabrielle Despaigne,2025-11-07,19:37:29,-08:00,2025-11-07T19:37:29-08:00,0,0
meta/index.html,63,html,00000000,Not Committed Yet,2025-11-20,21:39:20,-08:00,2025-11-20T21:39:20-08:00,0,18
meta/index.html,64,html,00000000,Not Committed Yet,2025-11-20,21:39:20,-08:00,2025-11-20T21:39:20-08:00,1,26
meta/index.html,65,html,00000000,Not Committed Yet,2025-11-20,21:39:20,-08:00,2025-11-20T21:39:20-08:00,1,19
meta/index.html,66,html,00000000,Not Committed Yet,2025-11-20,21:39:20,-08:00,2025-11-20T21:39:20-08:00,2,28
meta/index.html,67,html,00000000,Not Committed Yet,2025-11-20,21:39:20,-08:00,2025-11-20T21:39:20-08:00,2,18
meta/index.html,68,html,00000000,Not Committed Yet,2025-11-20,21:39:20,-08:00,2025-11-20T21:39:20-08:00,1,4
meta/index.html,69,html,00000000,Not Committed Yet,2025-11-20,21:39:20,-08:00,2025-11-20T21:39:20-08:00,0,4
meta/index.html,70,html,f2833b34,Gabrielle Despaigne,2025-11-07,19:37:29,-08:00,2025-11-07T19:37:29-08:00,0,0
meta/index.html,71,html,a8f91c2e,Gabrielle Despaigne,2025-11-07,17:25:21,-08:00,2025-11-07T17:25:21-08:00,1,5
meta/index.html,72,html,bfda85a3,Gabrielle Despaigne,2025-11-07,16:51:44,-08:00,2025-11-07T16:51:44-08:00,0,5
meta/index.html,73,html,a8f91c2e,Gabrielle Despaigne,2025-11-07,17:25:21,-08:00,2025-11-07T17:25:21-08:00,0,5
contact/index.html,1,html,a20aab9c,Gabrielle Despaigne,2025-10-02,14:33:42,-07:00,2025-10-02T14:33:42-07:00,0,13
contact/index.html,2,html,a20aab9c,Gabrielle Despaigne,2025-10-02,14:33:42,-07:00,2025-10-02T14:33:42-07:00,0,14
contact/index.html,3,html,a20aab9c,Gabrielle Despaigne,2025-10-02,14:33:42,-07:00,2025-10-02T14:33:42-07:00,0,4
contact/index.html,4,html,2d04c18c,Gabrielle Despaigne,2025-10-10,23:41:15,-07:00,2025-10-10T23:41:15-07:00,1,49
contact/index.html,5,html,a20aab9c,Gabrielle Despaigne,2025-10-02,14:33:42,-07:00,2025-10-02T14:33:42-07:00,2,20
contact/index.html,6,html,a20aab9c,Gabrielle Despaigne,2025-10-02,14:33:42,-07:00,2025-10-02T14:33:42-07:00,2,68
contact/index.html,7,html,a20aab9c,Gabrielle Despaigne,2025-10-02,14:33:42,-07:00,2025-10-02T14:33:42-07:00,2,20
contact/index.html,8,html,b48d76c3,Gabrielle Despaigne,2025-10-15,20:46:46,-07:00,2025-10-15T20:46:46-07:00,2,56
contact/index.html,9,html,a20aab9c,Gabrielle Despaigne,2025-10-02,14:33:42,-07:00,2025-10-02T14:33:42-07:00,0,5
contact/index.html,10,html,0b837e38,Gabrielle Despaigne,2025-10-15,20:32:01,-07:00,2025-10-15T20:32:01-07:00,0,0
contact/index.html,11,html,a20aab9c,Gabrielle Despaigne,2025-10-02,14:33:42,-07:00,2025-10-02T14:33:42-07:00,0,4
contact/index.html,12,html,b48d76c3,Gabrielle Despaigne,2025-10-15,20:46:46,-07:00,2025-10-15T20:46:46-07:00,1,10
contact/index.html,13,html,eae25605,Gabrielle Despaigne,2025-10-02,14:49:02,-07:00,2025-10-02T14:49:02-07:00,1,0
contact/index.html,14,html,a20aab9c,Gabrielle Despaigne,2025-10-02,14:33:42,-07:00,2025-10-02T14:33:42-07:00,2,17
contact/index.html,15,html,a20aab9c,Gabrielle Despaigne,2025-10-02,14:33:42,-07:00,2025-10-02T14:33:42-07:00,2,19
contact/index.html,16,html,35d56e98,Gabrielle Despaigne,2025-10-10,23:31:50,-07:00,2025-10-10T23:31:50-07:00,0,0
contact/index.html,17,html,35d56e98,Gabrielle Despaigne,2025-10-10,23:31:50,-07:00,2025-10-10T23:31:50-07:00,2,25
contact/index.html,18,html,35d56e98,Gabrielle Despaigne,2025-10-10,23:31:50,-07:00,2025-10-10T23:31:50-07:00,3,17
contact/index.html,19,html,35d56e98,Gabrielle Despaigne,2025-10-10,23:31:50,-07:00,2025-10-10T23:31:50-07:00,4,28
contact/index.html,20,html,35d56e98,Gabrielle Despaigne,2025-10-10,23:31:50,-07:00,2025-10-10T23:31:50-07:00,4,29
contact/index.html,21,html,35d56e98,Gabrielle Despaigne,2025-10-10,23:31:50,-07:00,2025-10-10T23:31:50-07:00,3,4
contact/index.html,22,html,35d56e98,Gabrielle Despaigne,2025-10-10,23:31:50,-07:00,2025-10-10T23:31:50-07:00,2,0
contact/index.html,23,html,35d56e98,Gabrielle Despaigne,2025-10-10,23:31:50,-07:00,2025-10-10T23:31:50-07:00,3,17
contact/index.html,24,html,35d56e98,Gabrielle Despaigne,2025-10-10,23:31:50,-07:00,2025-10-10T23:31:50-07:00,4,30
contact/index.html,25,html,35d56e98,Gabrielle Despaigne,2025-10-10,23:31:50,-07:00,2025-10-10T23:31:50-07:00,4,44
contact/index.html,26,html,35d56e98,Gabrielle Despaigne,2025-10-10,23:31:50,-07:00,2025-10-10T23:31:50-07:00,3,4
contact/index.html,27,html,35d56e98,Gabrielle Despaigne,2025-10-10,23:31:50,-07:00,2025-10-10T23:31:50-07:00,2,0
contact/index.html,28,html,35d56e98,Gabrielle Despaigne,2025-10-10,23:31:50,-07:00,2025-10-10T23:31:50-07:00,3,17
contact/index.html,29,html,35d56e98,Gabrielle Despaigne,2025-10-10,23:31:50,-07:00,2025-10-10T23:31:50-07:00,4,30
contact/index.html,30,html,35d56e98,Gabrielle Despaigne,2025-10-10,23:31:50,-07:00,2025-10-10T23:31:50-07:00,4,43
contact/index.html,31,html,35d56e98,Gabrielle Despaigne,2025-10-10,23:31:50,-07:00,2025-10-10T23:31:50-07:00,3,4
contact/index.html,32,html,35d56e98,Gabrielle Despaigne,2025-10-10,23:31:50,-07:00,2025-10-10T23:31:50-07:00,2,0
contact/index.html,33,html,35d56e98,Gabrielle Despaigne,2025-10-10,23:31:50,-07:00,2025-10-10T23:31:50-07:00,3,33
contact/index.html,34,html,35d56e98,Gabrielle Despaigne,2025-10-10,23:31:50,-07:00,2025-10-10T23:31:50-07:00,2,5
contact/index.html,35,html,35d56e98,Gabrielle Despaigne,2025-10-10,23:31:50,-07:00,2025-10-10T23:31:50-07:00,2,0
contact/index.html,36,html,a20aab9c,Gabrielle Despaigne,2025-10-02,14:33:42,-07:00,2025-10-02T14:33:42-07:00,0,5
contact/index.html,37,html,a20aab9c,Gabrielle Despaigne,2025-10-02,14:33:42,-07:00,2025-10-02T14:33:42-07:00,0,5
